duration,pktcount,bytecount,src2dstpkts,dst2srcpkts,meanpktsize,tcpsyn,tcprst,process_memory,registry_mods,file_ops,dns_queries,arp_packets,cpu_spike,disk_spike,network_spike,label
20.846785701017435,4400,4806534,1236,398,504.05385833734726,62,22,375.4639531059802,15,90,78,20,77.42242023844871,52.532875782149134,112.27476613333062,fileless_malware
19.082450507162612,658,5358986,1146,951,166.90786159709347,38,49,230.41373282914546,21,72,138,10,53.01164511760191,35.58305912537372,98.29543045029337,fileless_malware
24.248642265090783,1672,6203256,1836,846,141.31487706022597,51,24,308.26745518120606,15,55,143,19,56.57540884066963,30.910302685698156,130.00891745965498,fileless_malware
29.632114230500214,4893,3456421,1787,880,552.089104292814,96,48,180.09060452807614,28,17,69,18,85.94818243895334,31.298250331946154,247.67732615770566,fileless_malware
15.57478314277643,589,5102580,634,259,200.84172045642407,23,11,312.908741541185,29,63,40,13,70.9222766377841,56.39226496010415,86.90368579083139,fileless_malware
20.64724675976102,1785,7551420,1653,371,175.42141046994982,55,39,218.98736245516815,27,87,136,11,57.33054918342542,25.141427315117035,289.02639004766235,fileless_malware
8.097873563398323,3174,9370672,1077,427,199.2269890061625,68,45,156.36631553785938,18,92,102,14,58.00992950571679,44.52328230025569,240.1328750597946,fileless_malware
21.090524435585163,3154,9589476,1649,632,127.56703137071227,85,13,330.69416790692173,27,26,147,4,91.71269303601429,25.596457466950987,75.56330435495931,fileless_malware
9.084543313853962,2425,1641145,1645,418,780.623603984391,63,15,253.16044714967364,29,18,146,14,74.53001214412429,40.98717374096898,210.4546770262135,fileless_malware
14.899754206572958,1769,9295550,1785,141,670.0549061974748,77,20,178.81228693344457,13,39,81,3,79.01413608907527,42.307383127279635,63.12077537719636,fileless_malware
26.072329524399297,2347,8131139,186,93,253.30063276715143,49,19,388.6052550198196,9,74,101,12,67.43863697363687,45.37322392173499,148.9521947116698,fileless_malware
17.756173641520864,2872,8358203,148,735,600.3195217846878,73,45,166.9903841617145,11,85,29,8,60.32776956426548,39.65860188220512,137.34538350594082,fileless_malware
7.0156859572200485,3515,8642096,1940,898,214.92542533596634,47,19,284.0574957567266,25,89,92,10,75.03182237478737,40.43518495214575,89.96583043564547,fileless_malware
10.039647920834174,2599,5711739,500,384,728.5496896672196,70,17,312.6156592469322,19,13,134,18,84.65074996095962,28.183602447757732,78.17337222706543,fileless_malware
14.686301612227375,1374,3549113,509,827,499.14488282048524,58,23,371.6630384200405,14,56,138,3,79.15235398840377,29.192401935710485,272.55162873189977,fileless_malware
26.089053573521333,2276,8674824,148,367,108.65223520619034,43,31,201.58817488624288,28,59,103,16,94.29032685297688,44.07251916940768,91.31432235393476,fileless_malware
17.29205643388919,2837,4269447,259,681,175.0831128588963,20,11,304.81918500741574,5,45,20,11,70.02772761258439,49.149929156336455,290.3020992120489,fileless_malware
7.43081674976979,3515,3712279,1422,245,779.6581387237903,67,14,219.99467018523632,25,12,96,3,90.43347649576845,32.08200458939018,115.68141366714173,fileless_malware
28.253143752412058,2176,2118718,1982,701,620.9823740027658,23,40,193.64532234956332,8,21,80,16,89.1406305498615,43.191080300485666,189.36120322558014,fileless_malware
11.751670878857176,4429,1161726,1597,758,207.3063988300629,28,35,319.50481641558,5,14,147,15,87.37030473319122,36.49697010964837,293.2267796495353,fileless_malware
19.419017154240628,860,1157136,1676,947,296.57604617574225,56,40,200.6746578997765,13,13,89,8,60.566832542683066,37.919565084682084,50.48714689135076,fileless_malware
21.25455544220714,4066,9477530,1539,550,654.3746408973979,26,28,241.00869873243568,24,57,136,17,74.50658341776776,34.93069847184459,275.4552233429109,fileless_malware
23.154965071198355,4929,2544368,756,802,547.519929280515,72,21,295.05294785234923,16,69,108,11,56.643493373991824,46.906317696469785,272.35727029761426,fileless_malware
21.892767426049073,3840,6145314,984,138,521.506326476039,37,31,381.1797688876627,25,69,135,19,88.78099821966288,26.571046081108122,60.6889332522708,fileless_malware
17.658821962456905,1688,5831933,1206,697,682.4091637235562,40,46,184.88032515576475,30,36,121,4,87.0549517039502,55.228920612299426,297.6259833227538,fileless_malware
18.59991841800109,4756,1841731,1278,54,278.3020142775303,90,20,334.92781599384233,26,100,105,17,55.26146054004824,49.27418793334626,249.2282464603374,fileless_malware
18.711267697983992,3735,8876514,1445,889,374.9598104756325,93,32,337.45657877623745,27,23,77,16,57.006553169680515,47.75771346546243,238.32973239632534,fileless_malware
22.905047163478304,4632,1908598,1114,197,741.0905871580889,59,25,338.95014264829433,14,36,44,8,51.05775259978994,21.243897764618417,80.26888371834048,fileless_malware
9.642852922465018,1084,1224440,619,513,765.7088598852384,74,32,315.3962627109155,5,99,96,12,67.44862908028972,28.33793619387943,157.13097009669573,fileless_malware
19.742269910789222,4419,802543,1490,553,783.9094230686323,83,30,237.8742393684393,13,99,141,14,83.88130805831983,50.791495769621974,155.67541734984357,fileless_malware
19.67811793465758,3375,8326010,155,439,127.07010264648332,82,15,268.71794658183376,22,21,41,9,82.5925385756668,48.62433958986366,280.5777223669097,fileless_malware
16.36715493720977,3263,4149661,1336,530,124.03950487085248,59,45,344.2909428925069,19,37,125,5,50.46322778442554,25.135366199442466,265.6791718215545,fileless_malware
24.520872650339406,4647,7556297,241,564,226.86329278518247,55,46,247.04452716057685,22,93,32,10,76.35474778931652,47.928662454109286,172.77475031822672,fileless_malware
27.55654362062475,2903,2830427,181,347,520.7842434345998,74,17,321.70183948203214,7,35,143,17,61.20691970181586,35.49214714042547,236.13269330338136,fileless_malware
21.346788388753303,1946,6420306,189,359,227.87445974644908,63,47,361.3846046726239,12,66,49,5,57.39949756312548,25.279960256921168,294.69923404356916,fileless_malware
20.130149305382886,693,7450052,1116,425,656.0361466500523,75,11,327.1022016651467,27,57,47,15,71.31461014232903,31.156088243809673,189.32038974398327,fileless_malware
15.556380835722862,1033,1563693,638,948,764.0634228683383,65,40,250.33174326105706,12,27,50,2,57.289789497010325,42.81682496869287,216.16023741013748,fileless_malware
16.152552936200415,4972,6363217,1241,319,434.51581855694366,43,47,253.31394172431868,22,15,79,8,56.632425401474826,25.328592880559604,225.36847552416802,fileless_malware
5.2798405237232435,991,8659668,1714,62,178.9268081426187,54,47,282.6298248187778,14,27,101,9,88.72635585529738,52.04901165174277,97.16675293452357,fileless_malware
16.86898881164853,4421,3692379,302,226,371.5002766782252,100,44,364.67320025688025,7,28,52,18,56.54311775232364,50.42072089552701,169.42209957797934,fileless_malware
29.74667317929896,1094,9598545,437,302,538.8586590244593,72,50,240.43062839211626,12,43,124,3,83.85669271971432,21.716356238922096,130.12189488975702,fileless_malware
14.865720947769512,2077,6369347,900,510,524.5055585016362,48,18,269.84145010802104,30,75,124,7,60.86032719875908,40.850339617618225,174.2833710705846,fileless_malware
6.876385218043164,753,7101408,235,625,159.38986534723676,38,12,242.38028205444928,17,45,138,12,63.6573599847749,41.4116381422567,131.77194170528423,fileless_malware
12.70354659396762,4349,8680538,1098,445,630.1923953727733,95,45,380.86349979449767,24,86,55,17,65.16838654201065,47.65696301748619,293.806662675757,fileless_malware
18.318477853573405,1015,4321029,1388,324,753.9126075049924,56,48,278.37947761238036,15,51,81,20,58.60699594529788,58.8936273176514,97.96163519050035,fileless_malware
13.374962120814574,3871,4772826,640,662,396.69367871269014,44,49,372.6375989371787,9,98,95,8,80.91965214065524,34.45947757739455,185.69397954811004,fileless_malware
13.028562218782396,4290,9860129,1165,227,182.04753627788187,57,50,211.75678261692417,24,91,106,7,89.92729689282535,52.38309964446893,143.74965586817603,fileless_malware
14.790755898569396,2717,9632636,1040,600,338.9796026232685,52,48,168.0125613744104,8,58,120,2,52.994588192565466,52.47964737836182,113.70271542632153,fileless_malware
17.3763901097254,2769,8675143,1262,480,239.43301056318614,26,37,307.0281814442885,20,86,47,17,69.67275032706418,32.525679206682675,84.93184071239963,fileless_malware
8.072914920995927,946,788446,1835,121,294.1492153348262,90,44,217.10357242715008,30,22,128,8,51.79718226275607,46.41187803940991,64.96997104930894,fileless_malware
7.785801019073627,2770,4867885,980,296,261.3418322377378,99,48,292.6542750591907,13,80,110,9,56.826630316920074,42.14840995792151,129.17944856425973,fileless_malware
10.496807614684538,3639,3508143,1209,681,112.20840042927355,40,15,292.8100685411247,24,44,144,5,54.30576463102313,53.815290750981035,105.2433715053359,fileless_malware
16.487665327192694,1856,3011570,1979,275,295.62947806098185,20,25,317.7903985762861,18,84,118,16,59.60245151406625,24.01466454484528,70.49928420881666,fileless_malware
22.810625293130624,4125,2623050,1613,959,369.1328644410555,98,34,155.7566474029135,29,44,72,17,69.64926302828974,55.00586853144627,135.5721837320924,fileless_malware
5.517895165650573,4657,6607893,1816,502,524.5877552317731,67,19,325.864096875036,24,99,116,7,85.46314782038542,28.285236423590288,128.55294524368918,fileless_malware
15.127557120126069,2537,4976781,1940,286,365.61084181297525,80,11,321.6230435953765,23,41,36,16,82.08813507858312,20.875172432920298,192.91412820142534,fileless_malware
13.988014307053932,667,8336899,993,791,411.72928986274917,74,15,259.34058624305897,16,39,88,13,91.02193903080715,30.39436354593359,89.52454993229668,fileless_malware
10.478419336238305,4736,9007637,1759,250,692.1317832574643,68,33,161.99463151527613,12,21,60,4,77.6952479875764,42.11296083035024,112.59777970473348,fileless_malware
18.131346727164477,2590,7701770,405,350,199.14382696859664,75,27,367.7521789743805,10,39,124,11,57.49829585420235,22.67115599865187,267.9525272776763,fileless_malware
20.523616234240407,1941,4935914,1222,531,759.4112738690138,41,25,154.29545307108896,11,87,39,4,84.77763410335751,30.76176518717103,245.78589718552416,fileless_malware
18.348833122129975,4289,9385159,1658,427,606.2459470722586,39,44,383.03752613590416,12,11,103,7,84.48573337685454,40.52983636060529,55.17948996445738,fileless_malware
17.612743656120855,965,6706962,376,221,133.84112662335352,39,18,210.481391589508,24,57,91,16,61.060501415077496,27.005800220432633,77.46904588011967,fileless_malware
11.205369934828372,846,1225315,872,189,100.40137396038878,78,43,349.7095132059539,26,60,123,18,70.99790963005066,45.894130153443015,179.91403667989277,fileless_malware
24.65961802853591,3819,4318292,1172,467,216.8268691912798,83,18,351.2096811764253,11,19,114,11,55.1991287782625,56.166608158473075,145.64307029534916,fileless_malware
12.487949053500483,695,5377192,1097,253,625.2179623486777,47,37,343.7680144579218,29,28,135,20,85.57359359520694,49.969012480928036,212.26782983869413,fileless_malware
12.549303471364224,2502,2487655,133,972,258.950039987002,76,26,271.69395834065824,19,69,115,8,70.84846873483534,36.632001089936004,62.83656292663141,fileless_malware
28.69313578038243,1329,5056293,866,104,345.3885773238733,69,37,169.53086927204663,14,55,142,3,92.02897305906627,54.74516148781018,169.8646278451302,fileless_malware
13.812060827659884,2084,5306670,1988,568,216.1617771367678,32,19,336.0844282640238,22,44,35,2,72.92780168236212,45.22698030504317,142.81660807158767,fileless_malware
16.20896644953863,3236,7822401,810,686,328.5812668461279,67,13,350.30598997510504,23,25,132,17,69.50336794826228,40.55886567716477,216.58000420650072,fileless_malware
18.69974365991809,4644,1228925,414,894,364.5474920504275,76,50,216.77646216741107,9,35,43,14,62.40919219514708,28.809501839247837,61.00335512852349,fileless_malware
5.302868327788944,1589,3363058,956,632,235.56497910851485,39,37,286.7639928463601,13,36,20,4,57.35261480247847,21.49843968913188,231.80948399503635,fileless_malware
24.675303821654815,2294,7956881,1974,219,747.3752489002663,83,17,169.99238258119138,19,53,115,17,93.00507920267856,30.32333450825317,189.6421465052764,fileless_malware
27.229257580139844,3208,5578315,1178,209,567.4263028604544,95,43,320.65035790012143,30,86,82,9,86.67193346470694,37.3549346576321,118.04713295428755,fileless_malware
28.498501164621675,2962,8469723,1583,464,135.90059925966193,95,29,350.4184496833494,13,23,57,19,60.0631345287112,51.339058047220874,270.1865389126852,fileless_malware
11.218450416689286,1755,1754187,1528,605,454.09055988561386,72,35,254.82288257511865,15,48,40,9,57.31004638997925,39.24694685592998,282.1024623939438,fileless_malware
6.658014911220601,3071,1054674,992,465,670.5425843784019,39,36,268.2935349240128,5,52,114,5,63.86033360366302,39.460798465939114,299.44963025275763,fileless_malware
28.195887908018058,3746,9972103,538,465,401.0739430383968,50,28,210.80896893622858,30,31,106,7,76.9091973433005,43.73784165884484,263.2996471279829,fileless_malware
7.5164958242503666,1174,242436,407,603,399.97983235757,31,19,397.95931773513144,5,70,65,3,56.006748513236914,59.34804256069058,141.6917467093835,fileless_malware
22.14154256844587,3426,9696521,279,91,215.6550945715294,59,31,174.9928273985949,23,20,30,2,86.96434014674128,27.689925965530477,92.48359780210282,fileless_malware
14.771604058182037,4517,1904196,647,657,303.99990551773124,87,14,357.950554066779,14,27,36,16,77.27754796562935,30.399288880048406,210.86600679173162,fileless_malware
22.498568168821084,1287,8428470,1342,279,582.322419424265,24,35,363.039108251515,26,30,141,16,66.14383651187052,40.35503515791856,123.41331737765933,fileless_malware
22.641435715302457,3785,7112366,1752,290,655.9802546293964,59,30,202.636821271258,19,29,59,3,53.57539067151892,43.507323823911435,79.42953472524876,fileless_malware
7.691862359312497,4177,2215770,405,790,151.4095090160718,62,30,294.81757625798514,27,71,131,15,55.51783265057427,45.77244093068521,285.6446826302273,fileless_malware
18.8030059131571,2978,3619388,1934,534,559.3271644688047,66,20,247.6985696544658,16,18,32,3,87.8504608451429,52.1450952447003,147.38976729393465,fileless_malware
25.31297022432404,4297,6768769,1705,776,703.8020806499251,77,18,353.94529835676434,28,100,128,12,93.1129301428586,50.060564448406915,267.03346576514696,fileless_malware
9.599047081067914,1844,4304376,951,145,440.8259429996063,62,19,160.5063689578681,9,40,146,10,90.82881032751122,48.831375593099864,154.46754850158297,fileless_malware
24.271498547722608,3455,5853964,1738,679,361.11672472973066,20,16,270.6995915091932,21,35,74,6,64.9633063794375,46.3466256433052,234.13636599490877,fileless_malware
17.62452849623673,4848,6654693,1921,591,795.5417485039045,98,49,199.16525340627442,29,15,136,20,74.62054314508063,41.55169010066692,238.94339437864045,fileless_malware
6.112841495216949,3224,400562,934,653,538.9299130108955,28,40,357.3881921884313,18,69,79,12,87.56609765134911,28.91598178424577,116.17512609862256,fileless_malware
27.287829900543148,817,3949916,1468,976,505.6946067355524,70,26,151.07125478003698,12,15,76,16,60.754098578275055,20.090016552809104,61.940939274872555,fileless_malware
6.90264280929997,2741,9080132,1767,971,482.58215083138515,73,11,275.4379597837961,28,91,98,3,72.34860203786997,43.20704973143773,183.52250244708466,fileless_malware
18.80898138276434,1449,4039850,1995,448,492.528300046957,62,21,286.26581366379287,11,11,129,4,64.79486733010361,29.823852463537023,169.9661288795823,fileless_malware
7.48649849181575,2615,2935729,1446,349,570.267607122397,73,20,376.488635738286,11,30,112,5,84.42917150950704,31.551140341011408,299.4712705580881,fileless_malware
22.288937335588162,1061,1378856,418,944,185.00862044931347,20,25,166.49556826551418,29,44,65,5,84.42051317772359,33.50119355959863,175.1157685481008,fileless_malware
25.879782508972568,4879,7906392,1146,175,436.8693103462373,98,27,346.374250730999,16,21,110,7,67.45463066769454,27.57200644770397,286.2351794732286,fileless_malware
23.132881078538958,1207,1164228,432,199,339.4708313959678,86,44,198.54261032993037,29,90,109,2,65.30813491648271,35.57112836619177,239.18907909170082,fileless_malware
7.589234673841862,4697,6852148,534,221,233.10058068299708,81,47,336.93358581020436,7,39,146,19,84.68775574567462,35.49102405375659,210.63184546096397,fileless_malware
9.977826941752905,843,710346,1027,242,102.60521843774245,65,11,396.9155987064917,16,93,106,15,83.73797023809225,20.297512104983248,128.79254382477484,fileless_malware
16.587031946559485,1598,1710232,1317,583,492.9886015973061,34,47,183.94257551697976,20,80,107,5,78.12259466564147,21.299203868551913,258.8066779786353,fileless_malware
12.926672742895331,3056,9110732,1783,485,305.41592186135904,33,13,384.7621532160884,26,27,86,14,94.96763349985073,31.226723295432684,262.4342497662265,fileless_malware
29.53275659576007,4849,6203303,253,560,315.8695922571411,58,36,155.68305892152296,14,51,67,4,89.12771982091749,57.2564126625521,200.726602598179,fileless_malware
26.289247293048096,3469,2002103,294,320,637.5991458717704,60,17,195.65473939555017,11,84,40,9,52.208541724407446,32.45954091592645,240.15860287511418,fileless_malware
23.871015783642665,1152,9309626,1282,941,583.3375527131948,58,45,314.4749274431655,8,61,30,11,91.34772412112648,36.80684628873094,214.474378029381,fileless_malware
11.72620474195002,926,2396660,240,146,764.2886777318063,95,10,176.7071740541651,20,15,140,13,68.26949104211032,24.275637347782325,89.70173670138016,fileless_malware
28.49142926953555,2528,1475880,784,222,229.59044541373868,92,16,307.70971926347954,5,70,75,6,57.6216312736554,58.29166228240002,265.9563241199555,fileless_malware
17.74211131755012,3841,188692,1495,585,712.5509194383031,93,22,273.16320193477674,12,17,130,8,77.59660806514101,35.53764557614082,256.25634403486015,fileless_malware
12.31765764658672,1615,6886729,1309,471,737.5223651888384,56,27,212.2576691515461,8,100,127,10,79.17519265589503,39.907089472249936,294.4539612431279,fileless_malware
15.13862408525075,2066,4343565,1515,181,503.63120905347574,94,17,391.79359091636496,12,26,30,9,94.91652403958005,49.79520590500957,232.8131211403743,fileless_malware
22.101704216509827,1589,3759709,666,165,502.2023067025271,46,17,357.49267692905687,5,62,47,12,59.28500510840381,25.775347991880043,231.07855254404868,fileless_malware
24.639937043794273,3520,5554467,941,437,561.6641593218308,55,38,315.7799337088111,25,28,72,14,65.89301853224657,54.798042972641284,264.52839662649694,fileless_malware
21.557588846007082,4513,8302607,660,497,134.25339815376608,20,37,265.89562736191806,6,17,137,18,63.00828061381574,36.536173853402275,270.3266476974076,fileless_malware
8.517446533487394,2788,3070575,972,837,109.63733294057673,87,14,296.6211126268451,16,48,77,16,59.041580304349885,54.553912364129886,259.866992154783,fileless_malware
29.087704418337886,2708,2792043,1083,275,406.6905031603916,37,11,345.25195329342216,25,72,118,9,94.39219029756777,42.06986233881047,210.47212469200835,fileless_malware
8.617304211449696,2692,6321563,1169,310,582.9354946999565,54,43,349.86533431376733,28,61,25,4,75.5220140373106,55.39234492394898,110.3064427129471,fileless_malware
12.07033337132982,2501,9427431,1852,678,502.08956941437907,87,21,306.87983389391877,21,10,58,2,64.73195045875154,47.5855111389418,188.46809681453956,fileless_malware
19.19877658436005,511,8170163,496,241,175.92636505390146,59,37,212.79192808275468,30,44,71,14,80.14263266985083,58.42615950154433,191.3039184436612,fileless_malware
13.92218762935883,3612,8016404,1379,250,723.1799488620373,61,12,364.44911013571163,16,70,81,19,65.00431326919626,29.103107282764668,289.375448902017,fileless_malware
5.410784350657703,1124,1831281,1257,967,195.89701415533642,72,12,201.2398378310406,18,78,38,5,80.64323383971941,59.03709070341827,160.32029375141667,fileless_malware
8.393031139063119,2257,3765326,859,149,125.63110574721975,21,47,252.28454530290784,13,92,135,8,54.20673314732792,56.942686509105414,202.94350892077964,fileless_malware
7.337753922755978,2550,9107537,1628,694,756.790200119,50,12,269.0031165052144,13,79,62,2,91.68026974716861,39.58197796853346,298.0642389810803,fileless_malware
24.893057162279074,3209,1779291,281,565,508.0154468158666,93,27,150.0232279805573,27,54,111,16,75.03290877727609,26.57177419272046,234.72517486198092,fileless_malware
29.51762252062679,674,4718061,494,226,675.61981759867,49,12,333.11005677914534,11,36,70,6,63.27499855859935,22.45100637127795,162.36675311927718,fileless_malware
20.466155323109597,757,2077634,1586,984,606.8433250703999,66,50,339.14734736115923,29,48,130,6,80.95627079045072,53.34478673373356,89.7672177734413,fileless_malware
14.452153557468726,1903,6383665,171,595,222.5670194559376,73,16,171.20682739544205,10,37,38,6,68.67737777441582,37.384738394396635,224.92188478372904,fileless_malware
9.154729520183073,4761,9411310,1910,743,471.6060620917142,95,47,396.10188106084104,19,30,75,16,69.11988428045865,44.43795020481647,248.67913507870543,fileless_malware
11.979384704628997,2631,3692792,1996,801,658.8114786167939,22,22,251.4540405860808,17,78,139,4,89.36261341842348,24.613900720060403,223.62940521310816,fileless_malware
27.5207734953225,2382,9051364,1855,165,492.0453938508419,70,47,328.11224374475375,9,16,66,19,89.41095877759918,51.9577157874188,110.12072769552704,fileless_malware
6.2689542972326215,4953,1344415,594,601,486.5941133983248,63,43,284.3916172041307,13,43,105,19,56.1280978639793,27.132402373557852,156.93017670979415,fileless_malware
26.256125315632936,2181,2443985,1744,858,254.35547448056087,31,43,186.95555520214145,19,19,128,19,53.6070597410079,50.40558377559257,165.22480131058884,fileless_malware
22.033473453728718,3266,602647,167,833,108.07073076094154,23,11,365.7214466661168,28,13,41,12,57.42157704450289,49.687921645633025,209.25979909643632,fileless_malware
7.026579916967563,2059,8166147,1749,150,407.28534049209037,88,33,164.3118943785611,25,87,26,6,94.47813075706479,32.513761037303524,218.04463996581276,fileless_malware
24.86723913145419,4628,4963073,1641,349,282.5628460309812,30,44,353.19146876771674,24,95,142,11,72.10126298293468,56.410143902297946,69.15096892151469,fileless_malware
9.393124175138215,2867,8512354,1373,857,129.72188308745282,68,40,160.0957909732008,18,69,26,3,76.96452418117516,20.111823577295873,115.32132418042563,fileless_malware
11.140321004743823,3329,5829237,281,420,606.7294587278626,55,43,187.48965152573464,17,82,51,9,68.58375796465045,51.90800525826492,177.92064291954924,fileless_malware
29.766688481278795,3527,922048,849,367,675.1047493455183,93,34,332.3999211972079,22,15,140,3,68.30293572959485,29.61559427088006,200.52562925224305,fileless_malware
20.355220168505305,4268,6057204,1710,67,640.6565333685181,87,21,181.44167003131383,6,44,32,5,88.93630975950842,30.112604747682276,182.14395032127285,fileless_malware
27.25512462776032,4835,183411,635,690,613.2994978209073,42,45,387.1113048375431,20,41,69,14,82.31816298792792,27.50736013898888,211.93564061851413,fileless_malware
14.992717815153195,2484,2698135,1478,117,199.05066853501773,71,49,319.47576086065004,28,31,98,15,63.39140264046698,20.82837499461061,269.86152868680597,fileless_malware
23.911986372804478,1569,6278319,1579,792,691.5277218060547,75,23,176.0232227101643,29,42,41,16,89.30498865868933,52.88147669738057,122.90633012624987,fileless_malware
29.55520976924008,3693,2728520,826,818,361.5654709216997,57,12,196.64727189257587,30,39,114,12,74.45611447649637,27.478212503741112,97.91801415238234,fileless_malware
26.6367007999556,690,1519467,1062,436,315.41062956924833,55,28,278.2450362587523,21,74,25,9,82.88510329949433,34.73487175746065,189.02258071565285,fileless_malware
17.52424577600265,1961,4721002,779,792,780.7332828192241,79,49,357.9383408598426,6,96,107,3,63.03632863541868,45.56325139329535,298.2815065476399,fileless_malware
12.284406244534459,2176,3726117,527,833,676.7562974135907,44,43,214.42927305981806,15,100,51,14,82.78029568481853,52.26819966477635,251.4869974966639,fileless_malware
7.251440676781327,4225,8928362,1055,788,715.0175746616808,35,44,162.08258346925766,11,40,43,8,72.166147528255,25.38827848583296,211.00705847706675,fileless_malware
29.986089435539693,821,6922403,1850,85,606.3525703086586,30,49,340.3383964763701,20,51,119,5,70.77709073747171,40.02734031032874,151.79937403446684,fileless_malware
18.813745550864574,4796,240625,121,983,229.380168364141,23,11,296.52257060025966,15,63,48,19,55.755815637796026,43.8878665935605,281.08161988318,fileless_malware
11.10964590467451,3590,5701106,1067,702,591.9870223711889,53,28,355.76023120247146,24,25,126,2,89.70265718510458,47.20483011415653,147.94035249930778,fileless_malware
20.243565624967687,3332,2346910,1914,109,153.37635888054587,97,14,352.12840311820366,21,91,93,5,74.26531976573882,29.03376347760841,149.25053367370464,fileless_malware
16.933672119481542,716,9940794,385,824,797.8530227027484,44,20,353.7366046066471,10,37,149,6,53.307569815266184,38.051677428191795,133.79781681614867,fileless_malware
15.45672447918814,1255,4380661,174,762,622.2109720117903,57,18,279.9200608136226,18,15,113,2,85.01082994521744,33.49967248369713,173.09388245566248,fileless_malware
29.77482752079871,62064,3694412617,36035,23730,595.9853315093565,82,84,256.06135256072423,0,586,11,0,80.29000596338925,87.84455091549836,434.3538436196609,ransomware
54.2269800631059,16584,3775926985,27315,6046,1184.908095416641,68,71,288.06184790307475,3,704,10,1,69.90704983474501,89.76746761039745,231.23124309210928,ransomware
31.4896721799209,77127,5582681041,39489,4564,985.3861229596904,174,84,252.61039668525882,10,792,24,1,98.37287523191566,96.63948152730586,374.2404941454381,ransomware
58.15645293904164,20181,5834779386,38341,1162,1293.8113698945185,164,54,168.52185621625222,3,1476,26,4,88.72966659706287,92.40051141314905,444.4743486320402,ransomware
20.59803747897873,89559,3608943608,5499,4357,1167.0257476759166,165,32,221.13641175964005,0,1539,16,4,82.65290138568238,85.90775899027297,373.6097616810996,ransomware
38.70437472379879,7067,3967433849,28401,25779,1097.8503652376057,196,83,253.32569871020897,9,1269,29,5,71.56005510971698,92.73778001207478,562.7960328437148,ransomware
40.0155344404351,93592,2459373785,36223,10684,645.1810489242121,143,79,227.35540114631524,9,1008,9,2,82.04825498919796,89.12170502765348,663.3797012289094,ransomware
54.36692048221577,79643,1317657540,14121,28498,1280.3349704077646,107,67,256.1056228597346,6,1327,23,4,97.46449325653637,85.76681530259152,573.3307214066874,ransomware
11.14803351090202,78126,2531423129,28082,21979,617.7166659920028,156,33,228.38719106016953,2,942,14,4,96.77822897429007,95.14161784346062,511.9962674680251,ransomware
21.019867407447876,92837,8694196378,44610,8994,1398.5218998049597,183,47,231.4518360749867,8,535,14,0,94.99278106125169,98.44028752822139,732.3696315150687,ransomware
15.890263982712495,23672,6659619661,3962,18997,1304.5852620078008,87,81,218.10242647395322,5,1615,26,1,76.93167741429676,88.72453963241699,670.1605091271427,ransomware
29.121694405717133,54584,6275517373,43310,3385,1423.461421051731,105,31,212.35881221581855,6,701,26,5,94.4091882235034,95.73087406653175,684.3394794844298,ransomware
25.684734125251698,49151,3723037017,18510,28633,692.0409036965565,118,81,208.2936169936538,3,1703,30,2,93.14077801147266,88.80662038001849,739.3963413263651,ransomware
52.7318461349063,26527,1460933155,2426,22879,1352.2077539108589,161,80,281.467804141691,6,628,6,0,92.51470074211338,95.685555438851,502.33959794964795,ransomware
13.7528369878285,92597,7423014252,3670,2570,1445.3435172604204,146,97,111.19725050340237,10,1071,7,2,84.5646188754947,86.02427920706359,642.6382094087874,ransomware
12.71617675316963,58449,3822820022,43257,18098,695.8995153892088,199,86,228.41464342346035,10,794,6,5,74.36608124226272,93.92504033384624,362.07290448315996,ransomware
54.78592369529187,62756,6004004690,12637,2906,1214.3153693000295,164,47,245.20424217465404,6,1875,9,4,65.35053123859666,85.27247479391472,679.2001996579893,ransomware
47.29315097348703,69499,8342636165,27196,2562,1481.982455856888,194,38,253.82262733241896,4,546,17,4,86.31066434687305,88.67918708130875,782.1781837728703,ransomware
19.921962470809532,64489,1496918199,10694,11295,857.8789361932792,93,55,168.94822406145838,6,722,19,4,96.15950540517929,91.49957049003973,322.9502253959126,ransomware
59.805543161598564,26531,3412128282,7150,20756,663.3828133379254,147,44,143.77421401491415,6,987,21,5,72.39248160393457,91.5481879334187,527.6676725153727,ransomware
58.821655416848216,54280,1020825830,16303,15663,574.3360362306277,189,67,161.41964981645145,9,600,28,1,93.71776115576516,89.52231729529052,284.5106789356,ransomware
29.779427086568063,71881,4010969640,30256,10024,784.7606241325203,63,60,190.34772843851195,10,1012,8,3,78.34552308047631,86.51595664760154,285.0639473127251,ransomware
33.16025411371754,70491,1301648461,2918,28327,661.4769372274166,73,92,278.85324630235857,9,1598,10,0,84.50235949860536,88.6553771292563,758.3513243809866,ransomware
30.993386272944363,80041,7140556632,34198,26703,1231.2285280732754,162,59,251.5756911427088,3,1604,12,0,93.07496679646307,87.48103251762066,608.9190453108329,ransomware
25.922081622639734,8821,1953723061,39514,25584,949.643268881495,55,93,257.1215371829559,9,1615,28,5,76.71887878856415,94.53043434753623,796.6806148841752,ransomware
32.67868611154006,96765,5057342313,34536,8731,1400.312516131138,182,48,272.02021150649193,0,1247,29,0,74.66855641517196,87.0108126787911,595.346324923697,ransomware
18.547013320196037,34348,7497253041,23488,23081,659.2171496614003,150,76,102.96643045140293,5,1604,19,0,86.78315224000391,90.66908560672437,290.20431071142696,ransomware
13.643108726604822,90367,1248246572,39396,5546,827.3925451030361,151,88,250.99260299529305,0,1641,23,4,90.13026474112732,88.75924473474225,457.97664503799524,ransomware
40.44806329230131,42854,4228365130,12376,5157,1392.176560450986,59,72,259.6770197658405,9,1916,28,1,85.83022959402794,92.5919525330075,785.0056009852391,ransomware
39.91114434478844,95624,8957072430,44491,5259,798.1372690386411,136,95,210.7081735573948,1,1825,7,2,73.52439551519366,93.76492185622226,504.520941337431,ransomware
58.12149957204587,9692,2395822452,25392,6866,735.2809227645103,189,81,189.51583413853672,7,901,22,5,67.2836804317124,98.07466106577337,471.20384994849576,ransomware
29.02241475144324,15222,9362583795,43144,22747,1473.357382874235,176,98,198.49423525404094,8,807,24,4,95.69741277413158,92.08127694548044,631.1238460787145,ransomware
17.69576610514708,21972,2977355508,34368,25568,538.1799250135422,186,70,236.312546617369,0,1316,25,1,86.61121034162346,96.09367328379112,421.2085502678395,ransomware
44.77508137722582,8918,8522086330,27569,13482,1227.6886002685067,134,88,213.83869653689234,0,1878,8,1,70.90428642996328,92.58478132235035,667.0274484744941,ransomware
27.131574396968478,54090,5947403415,13963,18156,893.1733627668456,150,55,128.0708318248688,9,1102,10,5,69.61836699935802,98.32295796173342,610.1153531642397,ransomware
46.96802615227296,40291,8185994713,16561,29386,1440.6052246285067,189,43,168.0372139884547,2,1033,7,5,86.54065009000814,89.59032933870274,519.8241521187047,ransomware
26.894397036142955,68347,8853816138,27498,6494,1468.6279935795342,93,81,289.21294747162494,3,1922,12,2,80.65989585004422,95.94355609722528,422.031130353603,ransomware
21.17768282460056,71123,9546105751,48570,13819,869.2314279511884,56,92,203.7869978887578,6,1644,15,0,83.7854703329296,95.58383061609236,663.8019443158942,ransomware
24.36523751350566,39302,1462960506,14724,11047,1128.127750927063,80,95,264.86571517134394,1,731,20,4,78.88571437021926,85.65645769825629,512.9255555556321,ransomware
45.234305759375964,81280,5808656948,4470,3818,1338.5628190951325,103,80,161.51609582931883,5,1101,19,0,72.74394539949577,89.58872602009893,264.3333340433055,ransomware
46.44662356879922,52986,6596636148,49699,28717,1450.6227338651179,74,60,259.76074699498724,7,1149,6,0,97.43220821924552,88.7205619315671,707.9630471006922,ransomware
44.856295907593825,89320,3946206748,20578,26223,1292.454265707262,59,75,135.4649505863085,6,1760,21,0,87.14707597402973,92.33209397361001,536.891357869546,ransomware
40.25358830858088,22253,8049542339,2440,9902,860.9865913523427,110,95,205.3566181030941,5,1323,10,1,96.47178506035235,92.80369223153122,747.7357125702131,ransomware
48.79295640742472,59536,6970108123,31476,18659,942.2014898027337,126,51,127.64381243692615,5,1544,15,5,94.8336676441377,88.91459253116616,579.3034404793509,ransomware
46.64439007204816,60307,8937615311,22796,26808,1212.6761514065888,123,52,200.40623266830568,4,1758,8,0,91.68429750974498,90.99350187029991,399.3768663349557,ransomware
16.80626367500965,5820,4290265665,4809,6109,1301.6214915129635,145,59,217.26626552245028,3,648,12,1,85.0633694620244,96.56144419583065,794.7200797218511,ransomware
15.786677375179567,47726,8525082374,6537,7827,505.5697062907859,137,91,106.75786066321567,3,1797,25,3,81.66629598131813,87.55008649489231,260.2216286237961,ransomware
25.163121478394775,73132,6440229940,40432,21314,1495.1004215831867,175,48,199.91689318879733,3,1366,19,5,90.7642781972996,95.07105096647444,375.6009145519686,ransomware
30.663972627261533,5834,5352181581,35771,25207,1203.6843088843593,144,66,141.83016262904277,1,1576,11,1,87.59506604217904,96.30820814839738,263.5167199539222,ransomware
16.68628930688788,13246,1042434706,41752,5692,1378.6640229908157,51,69,224.8135717102946,0,1272,28,0,94.5338031910672,92.27426833977162,449.2208000826405,ransomware
34.47689256077662,31733,6784336415,3587,18449,665.0591400782391,170,81,203.73626009548707,1,1862,19,1,90.68999496881621,97.5979229278954,488.04774789927046,ransomware
26.04244308931405,52603,5935840812,10891,13416,654.7549356724153,196,34,165.08684775597715,9,684,21,5,88.93415231771289,90.3537789627546,594.606717916428,ransomware
22.05444735644618,18402,2185755625,38003,29476,681.6525065771422,162,45,229.08406029458712,2,629,19,5,68.38767230312918,91.20057632789734,630.316612399981,ransomware
20.863496335519468,78988,4651602251,3918,11676,681.7892579178799,89,57,248.1989151417319,2,706,28,3,91.17671552115107,94.20145943726706,551.1060420067438,ransomware
42.01787557572072,35968,1117929641,12915,11652,1153.3196670092068,112,99,140.6373013857062,8,1130,13,3,64.76410541739334,95.14700488019355,477.81646730206126,ransomware
47.18300047610191,69631,1440022414,27761,10497,747.1353034816559,55,72,152.20758596872267,4,1682,30,3,83.83730076181996,95.15041684829224,308.27628028365325,ransomware
32.34133616224207,81318,2384614495,14241,19711,674.3305656324453,67,50,111.08750452266591,3,1865,24,3,89.63007963115723,97.74928874498465,631.2587713264513,ransomware
20.711859721812417,97788,1903925038,39983,19294,1445.8042898400186,182,61,126.13366566485102,0,1882,29,0,65.25393543344819,90.10030181378009,637.5218531068522,ransomware
46.30546587071499,12115,2853553945,13355,2233,1383.3714801405788,117,100,197.78908581522103,10,1453,21,4,79.7307004010774,92.96489831907435,409.5877528947471,ransomware
20.529286672666522,99639,7004017397,14101,8759,1137.4271328373966,150,37,259.738410767696,0,913,5,2,98.1416040419194,88.30802275922615,432.7106698397108,ransomware
14.10049401770261,80060,7259644247,9174,16080,566.4084356046278,91,56,274.40132309192086,9,691,5,1,85.07355510823689,87.3447210111401,756.1170789439983,ransomware
57.091377000093274,50645,3351894234,8060,10921,698.8394966570194,120,95,138.57025512559508,9,902,5,4,76.20779189985214,91.58135255543195,326.2502626483449,ransomware
39.67424821103559,17180,994651996,28071,2586,1133.29068683782,88,44,141.44912385553798,1,1906,27,3,75.9943489968446,95.53723796637773,283.7810295231795,ransomware
15.758295806436724,93268,883268249,9386,13536,902.6962899007315,83,53,108.37022382163522,9,1977,6,3,65.30348415074478,89.8011450861696,645.5478009232759,ransomware
36.457760766130676,62361,4504637881,14972,21413,1246.7730919247933,104,34,158.722444730824,3,1383,17,2,68.12767439268373,85.18772695395887,307.30261410181186,ransomware
42.53132621827442,92181,8279299135,36143,4395,649.6317741599685,122,52,120.09173496082492,4,546,30,4,86.6386269658548,93.75487750282458,284.3667295065328,ransomware
26.857781208993433,6145,1078249720,41080,10395,875.5769366682127,54,54,240.1251388294594,5,1216,28,3,92.74619642531908,85.92424603809792,645.2672320722784,ransomware
42.757819444401584,33130,1982789277,47518,20118,996.5580614171449,54,42,145.7726478113018,7,742,9,2,67.43950099893378,98.09236390163171,529.8169836102677,ransomware
36.981966334093585,55773,4468635883,15894,28732,527.0421524297986,69,49,105.12910953290138,7,610,18,0,74.11108061638322,87.26735407643278,338.48407666770396,ransomware
34.742854490105344,12904,9804410301,42594,3015,943.1145766291095,71,85,185.23977527315063,9,545,18,1,65.06951662848017,97.04015262379932,518.6283200238388,ransomware
57.25762192201614,19029,6265522528,19108,29313,658.598444072661,51,58,240.2402009223874,4,566,12,0,64.86309262855012,93.62592082533698,744.7883050371539,ransomware
30.277000202458,70062,6734031733,29734,26783,808.2593278803408,66,77,188.56245367247297,10,1212,16,2,76.58163419288924,87.41475507051335,347.6585220602805,ransomware
33.9785748875062,18949,8274267957,32260,15227,502.7320244205015,61,37,253.8313748218262,8,751,6,1,61.03917111037502,97.7605503969905,675.5179527963969,ransomware
37.69216754654457,18156,6724806815,20099,26016,1443.2096264509908,175,50,184.76105558317886,0,1614,5,4,63.799704787739444,95.17468294041397,419.7463323820883,ransomware
15.370107720841517,82692,3591485752,24460,24078,560.8024408180664,71,55,201.67261517413053,6,1427,8,1,62.10144008707926,94.97669751352552,399.2835748778622,ransomware
58.438765498920674,42712,5978436051,21676,7537,1301.0266453073705,94,44,240.81294863902568,0,535,23,3,67.08730862742968,92.44368368410814,516.8733954863226,ransomware
27.76667589203262,60824,7816080635,41069,9315,996.1741419858041,102,45,212.2515723190705,5,907,26,1,83.6715449594007,87.19218258199241,685.9196286773214,ransomware
56.937021776838684,38321,8395570295,27796,15313,1323.1930743821974,70,75,217.0294375182309,8,992,9,5,93.29623523745784,85.26572840250421,234.54853287260002,ransomware
23.3002189557941,59369,2327781528,22355,11824,1126.8376453914807,56,38,259.0206788725846,0,1415,23,3,85.99492460658391,86.74052787419417,351.3899745226684,ransomware
10.98239285834978,90865,2870970711,48851,19445,1257.28723183225,119,30,163.00939507676736,10,1949,7,2,90.59384999955223,85.59215695841091,566.3350415625388,ransomware
35.09180159788497,82286,8324192025,27886,26668,1106.109108993321,176,58,229.60538277792728,3,1448,23,3,86.72107280560463,96.39131425175121,429.3327492609038,ransomware
37.82710073512299,43353,5233291980,27035,4262,648.4398634454874,174,66,290.5092731849911,7,1482,23,2,69.6814304448564,96.63283041446459,657.3170631631592,ransomware
31.84468514584576,32647,7350993986,40198,19627,1411.9696327592314,164,31,113.3991192452414,4,838,18,5,65.443096839085,88.00079146431207,230.58847717451113,ransomware
33.037089712848406,75851,4126029922,8926,3917,910.7419181981866,90,33,226.1649262953542,10,1785,13,0,93.13515526283282,97.62710934215171,527.448600279007,ransomware
58.66197474270531,15969,5805189721,46849,23997,1250.9256721676102,196,95,219.09478828975074,9,1418,9,0,63.25653100061745,91.22239541616491,213.44789742361033,ransomware
51.81401414331116,71014,8937816284,45351,17653,530.5357859679971,68,99,285.6151482448006,4,1122,22,1,66.26793660637344,86.68340045450687,768.0818775900184,ransomware
54.17206770034539,73412,4481874017,39426,15429,1472.5191556427476,145,86,286.501394229433,8,853,6,0,70.12052647816914,85.65551258521546,484.5845817932403,ransomware
33.663762832650555,17281,5606348206,38924,3789,799.5556711828738,153,41,252.9219100593805,10,672,10,4,94.74860797440775,94.44076647937291,554.2579648066287,ransomware
49.57316434582674,83630,7674366397,38679,17537,650.4370157670904,150,91,232.91668539552177,0,1047,6,4,73.83100857544059,94.98734798767265,355.19086526954845,ransomware
49.52354270534105,81149,2319016550,25239,14996,544.0211928960343,191,61,135.4058570973676,4,1880,30,5,81.57524353838949,88.13782969613594,633.719185191632,ransomware
27.702129150557845,65324,7548801143,13909,10596,1139.9986225751607,157,66,267.0173207071793,6,1285,22,1,88.0938423300417,98.09779107991795,457.5849459720598,ransomware
23.2822347630038,72069,1841720625,6244,15547,511.6152476739082,193,73,120.44193504145026,2,827,16,4,89.64191951217624,96.5572772683533,443.97857461221764,ransomware
37.130982855972604,21391,9091409068,39609,26865,1278.6652760356856,118,98,180.0261088202945,8,966,24,0,94.3330367729099,86.92443145655226,355.11894849772085,ransomware
33.97618001376789,74102,2972828483,29847,1722,1123.2390614824044,66,41,159.97993659057175,3,731,23,5,69.68312103265626,94.25653589201625,792.2814679131957,ransomware
42.00485028880215,26396,4250076818,48840,14349,607.9604643035598,104,90,243.94289017860962,0,1199,10,1,61.70784359287973,88.56317539883439,533.7762646870772,ransomware
14.71977792702924,48574,3507901950,12851,12806,1406.4290818285067,121,68,199.11839238501273,4,755,24,0,76.72779120800989,94.10400051207782,723.8251441415337,ransomware
44.85072750194079,40861,7231155785,28349,28693,563.1795933101043,173,38,254.47997378675225,2,1933,13,4,80.99136571106425,95.54211425522489,578.2921524725746,ransomware
37.33521891424127,5373,8515692102,32259,28306,1051.152953099163,74,64,115.92389113135779,4,1347,21,0,90.70379776382813,96.75628483720327,573.5285096677003,ransomware
55.95583617483066,87128,4430488077,47801,20063,895.8275668060727,190,86,162.32315738545327,8,1280,23,2,86.85887652492823,97.13425146985159,396.3959724021777,ransomware
39.417609520710585,46098,711744170,10134,21109,634.7676867424069,96,37,268.9636970869491,7,1239,12,5,96.2211847668745,97.44815349375259,226.69305958417522,ransomware
15.66942582666265,67191,5132578892,46745,24861,561.8671195735724,187,80,141.4283073265088,5,1009,18,5,85.25712133873074,86.40011637810878,547.5613113935531,ransomware
26.382692147936062,83576,5034675267,33818,1251,549.1517262516409,196,68,261.3987120030623,4,1586,23,2,66.97817410403023,89.1064430690342,425.8013099371195,ransomware
28.75223356575087,40910,6662882993,34604,14449,550.0023463880605,161,63,132.36585559599857,4,1144,18,2,79.11114283274401,91.20334482758369,522.5107739528877,ransomware
11.459210206273998,64063,1448039639,35188,27386,1108.6107196576247,158,46,148.50332715665894,5,1028,30,3,94.1595401903179,95.96590749793712,712.5729350754618,ransomware
19.21626790256228,59884,1742063492,9104,13992,1132.6240102499878,138,59,285.07045813456034,0,1922,26,3,66.25030149048152,87.6143327329889,304.94474538634336,ransomware
24.705616303177155,64234,8580354786,47478,22516,973.9484288589377,152,47,252.7617816865522,9,637,17,0,64.04259570005192,87.47628521869353,625.4845827080037,ransomware
14.995735024027582,53825,7541246170,5930,1200,1260.4929425152932,187,31,121.66957031873662,9,1557,17,3,87.72771505480137,98.8829175220699,276.71129046030546,ransomware
53.730940326725,27660,6334132918,2892,27277,773.1971177914393,84,82,258.50566366780134,2,1807,30,3,62.96944789397504,95.22625605428746,751.7130501476998,ransomware
12.67356082941999,74305,1579018276,33373,12211,727.9759453988352,138,79,273.2796754726156,8,598,19,4,73.66382200996885,96.46601381076732,301.28217653257747,ransomware
59.17005347636606,72378,5545849677,10383,5043,1171.7491265944545,109,94,164.8597760180383,4,1241,30,2,61.83881401439,94.46148886698498,457.5423535159141,ransomware
25.27515413344698,53159,6801679332,11544,29503,696.8093279414619,69,44,127.98874071905661,3,815,27,3,71.13317249730443,92.52173670088405,659.2099937937214,ransomware
46.54861076815073,69389,5159467369,30730,26347,898.1439826202188,102,61,232.8996096454111,10,1813,26,5,66.48794796379002,87.3760945232948,314.97689426366907,ransomware
51.63020162101419,75634,6833929202,48806,1413,1155.0547968067376,65,38,221.34810504919017,6,1005,6,2,72.82910116669214,93.89478304029306,219.92008411860314,ransomware
40.444039402279984,35086,4063721269,19482,21451,1393.7942328262125,134,59,276.2193147921319,0,573,27,5,88.8719458434704,92.20583102828063,629.0932306911958,ransomware
29.81695124527126,67150,6964597868,35697,3194,1342.5601677967954,138,52,155.77082820848017,4,1872,16,2,70.21361516917051,85.7488208380485,519.0421829086513,ransomware
50.97246212328978,52399,3456801637,33136,20751,1119.5410804259977,165,100,121.43062653477428,10,1905,25,5,86.11120621487085,88.372929923319,557.4538519531466,ransomware
17.354178107019838,64833,7282954756,40425,18291,1014.4924653799177,89,37,161.21501027525613,5,1485,23,5,65.1809511532106,91.71077787477641,364.5445101249769,ransomware
32.470706954979796,23026,5885000447,17240,2193,1310.2238259430355,188,78,242.09452011083548,2,1048,9,1,92.4340205096687,94.0817647514446,555.4357369968166,ransomware
18.13670177812258,35862,3903112126,11892,4693,1485.3305119728398,190,93,106.01671247466975,2,1660,11,1,80.16616302587411,92.20557514532024,229.6256633625508,ransomware
38.90370322653868,32799,1220623565,9938,2467,1316.2143313659203,53,53,146.00388880927733,0,533,7,5,80.3588407341514,91.45832783040096,427.64145336127723,ransomware
12.265480499729794,8906,2158861672,2734,18948,583.6114050286253,125,54,174.5342692490159,1,1091,6,5,69.17404024311827,92.74245527424725,757.133705851397,ransomware
42.493782134342425,89037,4551895109,40642,17722,1255.1171485138289,173,65,184.2280325040793,8,1813,9,1,72.27961161780262,90.72135256326916,789.4651975722682,ransomware
25.819611337802378,93641,3893477227,4285,1119,698.5557431976142,54,88,267.0602154010487,6,873,5,2,91.87741967892374,88.9052678436668,397.65438714249524,ransomware
47.109724651398615,54701,5115083559,3280,23578,546.0772025280569,160,79,184.41636006336293,1,651,5,5,75.32650771535526,90.19355838140302,720.5022398525853,ransomware
45.4479384013624,97285,1712007738,31295,18748,823.9310093266633,152,64,254.48518487604522,7,585,21,4,60.586731361777225,95.82207810777254,656.1252721904843,ransomware
31.49482534069211,76858,5663848174,38304,5614,877.9206464759695,195,81,131.86112253131608,9,1440,30,0,80.59022484815951,92.55909860185002,534.8180393371915,ransomware
36.001950687805596,88267,2929889433,32964,18338,1495.006506756903,174,39,172.81687264239022,5,1711,18,1,74.15783254569648,96.81450136814625,541.6098167947114,ransomware
54.839609182273804,8063,1516822993,3459,3850,632.7010499806177,141,88,269.85402548818627,10,1569,23,4,92.41044353719494,87.61480757088934,208.81552384522107,ransomware
58.88889308223847,77521,4171254638,39462,13076,1434.524328553678,68,89,172.24138280095815,8,1143,8,3,78.97965804353214,89.07102261397935,254.1274011327216,ransomware
47.39766073896354,68999,6069704411,41460,7058,1284.0583553510032,74,99,234.59485441034232,10,1629,9,2,63.58418031583365,94.97878141918099,441.6877609787824,ransomware
16.888538761340996,39900,1260321556,11234,20764,1443.0251306111213,135,95,217.52697538502235,7,609,30,5,94.38401645297131,97.7877813009494,358.6002873823319,ransomware
46.5705640489017,39917,4435254471,8896,27978,1053.5521086052913,125,77,197.22131316876255,0,1153,18,4,64.93034275705038,96.8289057470239,284.9215632363939,ransomware
52.22820433588456,53125,9090196030,39651,1591,1438.0969385379353,62,38,226.4236530651129,3,1942,15,3,70.72925042416846,85.73977592908602,303.00624166997716,ransomware
51.36404027641282,41496,9852829554,12679,19349,1111.0265428431208,121,30,111.68215288066774,7,1565,25,4,67.12796055731023,94.64386227477674,630.2460556594608,ransomware
22.018523771349138,22858,9062815310,6750,13762,1441.5975133624702,188,77,101.24939900855767,1,620,30,2,96.77587462913894,93.98072589764155,651.834867665729,ransomware
12.950092811683868,20226,7261828774,2067,21002,678.0002552557029,168,43,296.2109756712341,10,676,15,1,76.66874329115421,95.46544145287251,226.17175613582808,ransomware
28.13636579640685,62748,2946034887,15081,2436,532.8280438659746,68,85,218.72968720482305,10,530,5,3,70.00060173374405,94.80925486698507,792.7845566882751,ransomware
14.331185250452368,71083,7850306139,47817,10602,727.0033419931543,86,96,193.66504313529185,9,1637,23,1,93.74297596842845,90.76975022870744,278.90303699006705,ransomware
22.854541942115326,66894,3789906774,29093,28404,1232.7024570710269,181,48,295.4808421047552,3,1136,30,4,63.22305593874661,97.62375143756846,635.2117155795372,ransomware
13.536161793590214,38792,1927175302,12074,12527,1274.6831965556767,153,58,236.9204732524989,1,1459,14,1,97.86198789912683,95.97140178881101,637.023219585164,ransomware
31.892519763124575,73684,4038436244,24111,29552,1418.3962430908077,157,97,112.09509731178218,4,1617,18,0,89.06794474081255,91.26926515037258,552.9716054258661,ransomware
20.95146983479203,99076,9074712694,21632,18758,1003.379823231935,190,68,293.5346009982776,5,966,17,5,97.79284031795395,89.17081396045157,749.0027001704264,ransomware
37.00960600653024,48364,1934486874,31197,27748,944.3335006163417,120,36,178.69470918194367,7,1769,15,2,63.1224033624281,98.45289306013973,295.67345770890995,ransomware
38.22855233504335,6275,3051496716,37444,11921,1402.313342434613,133,43,108.50103422013595,10,1933,14,5,61.074697352776035,98.86157983840434,261.0300178355718,ransomware
21.678550057012536,15922,4781143540,32323,26523,1007.5103859707995,149,42,220.20540384393962,10,539,9,2,91.41221098231037,94.85823442931482,467.1111271469764,ransomware
29.453254362189547,95012,3518061455,13022,21769,523.7930074790336,144,59,163.02540871139263,4,1930,7,5,66.90793280251492,85.00910045580241,249.61580038157732,ransomware
16.761658259570922,62375,8665235004,39086,12709,1371.922939732514,65,31,131.5817354022437,6,1932,6,0,72.46079406387179,89.72164837274241,717.6941978311877,ransomware
56.52507013942777,50485,5910068252,43531,21238,839.7842871546046,162,66,108.76517736295108,7,704,29,3,87.46319448545017,96.82334732866207,478.2173540962955,ransomware
37.537226695387616,51381,782449336,2637,13867,787.845626155977,105,68,254.57227039540965,0,916,27,4,64.62218204227956,88.88407810684247,275.63390405932523,ransomware
11.571636229115303,33116,2339999414,35192,21040,1198.729693683266,122,38,114.4017302137033,4,1783,24,0,97.2610584917208,98.86679910984023,402.0864421747631,ransomware
122.30604352421997,3855,36704084,3242,1617,479.9825971947713,25,16,162.3229621950527,2,28,123,142,45.5168938847368,10.997729910759228,363.02283097432286,mitm_dns
103.03391572392859,1213,43326518,457,1829,385.59648032662705,45,6,88.84252924925266,3,66,344,117,31.763553255287977,30.863555422895836,296.6543644550917,mitm_dns
101.84729743855503,5375,46699602,1326,1092,431.1061791846358,46,14,116.81081138347372,5,57,215,55,30.11116337556556,24.723295373874066,350.79078006375664,mitm_dns
157.20993702841326,3575,22526056,2987,232,208.98310378447212,50,16,179.41307217871025,0,73,208,147,42.52414412948605,13.900236539284275,356.4651971568015,mitm_dns
72.88035941023513,8526,36153493,2387,952,391.0564767612081,50,10,159.3789752844199,4,99,498,88,38.753405448578846,16.639670798416866,332.411992120777,mitm_dns
44.287336248618374,1249,49574585,561,2540,119.91690934878227,36,26,85.56738199845209,1,10,426,245,68.36300925642665,26.673575918419175,365.6018153144024,mitm_dns
67.99152960215775,1228,10264765,1255,562,292.0130453727472,38,12,175.34939688689803,4,10,244,279,57.13353137210361,38.73063317878757,569.4118467333757,mitm_dns
98.48078183913564,9897,30376003,2948,2516,530.3518764155658,15,10,151.21029055441616,4,64,259,92,45.8096534152109,16.928355087321528,537.265700817911,mitm_dns
92.86204047989449,3935,668505,1458,2074,285.0219978158292,43,10,89.32852201685414,3,69,112,227,53.833509423161246,10.032921189218216,377.96706591407786,mitm_dns
43.62511642406109,6640,10978524,2148,2455,103.05960022260449,22,18,164.05088450679352,1,22,431,253,54.3197768108717,29.8075972879492,227.0100663678993,mitm_dns
166.0356542211612,9592,8454579,4578,2546,554.9304116101302,56,5,162.36745449844784,4,22,322,77,60.91210219623582,25.09398671311076,284.57439999440476,mitm_dns
85.71425706034424,2336,49111618,2863,2530,474.8123290529474,54,20,100.09752723930274,5,22,295,192,50.670561207669095,31.26489171020923,500.1649826539018,mitm_dns
145.96899070553783,4872,32228382,4682,2673,529.0400528011739,14,22,197.49073389956746,4,29,360,282,53.275378489372684,36.976440587426325,521.4823290975824,mitm_dns
71.4166457932802,6095,3684985,1086,2304,169.05105400130657,56,29,137.21264764295242,0,16,190,191,38.55005759449062,18.836366281655707,250.98433084867014,mitm_dns
168.9931852057755,4746,9177834,1573,442,225.98101082697704,27,13,138.4729629642394,2,93,208,237,35.26716379062973,32.47918222701273,409.96025129488896,mitm_dns
46.45593576063102,7905,24252583,1907,241,436.5631294493861,57,25,168.1743696448616,1,14,424,103,69.14702118954291,18.309946642168896,485.75764803850217,mitm_dns
52.39015462139715,3149,8863377,3895,2239,279.5876281354073,18,27,185.09726235559768,1,57,467,99,31.65715333775018,33.305382823788534,252.25711018841895,mitm_dns
44.03055759287851,6496,3256454,3635,1238,297.9364424833709,10,26,198.12334223825792,0,54,466,253,53.79483140433106,38.047081789711896,375.98814504420176,mitm_dns
98.93982964291303,7518,39329305,1086,2703,368.63453620763477,18,29,88.52451951842338,0,93,182,203,33.586353783521226,30.47908690947154,525.1818707161776,mitm_dns
176.74203106272557,2212,31619453,2745,1748,532.594562352145,12,10,149.84483607030586,4,37,161,291,61.406327792755256,17.910119425045284,536.8587433259513,mitm_dns
141.28110759840786,5520,4588296,3471,1805,181.10117968483178,46,7,176.17501276907416,1,25,314,174,30.559684187497854,11.676312543502261,362.34512197130925,mitm_dns
162.7197146064502,7843,26490978,4072,366,291.58235651950486,54,17,191.58338649836628,0,83,362,255,45.74865560592734,20.850115059415522,321.27867812279914,mitm_dns
73.04095854476421,5173,20266421,596,2006,582.6561601142778,35,11,162.18293724015615,4,34,467,107,52.70211530233391,20.313697161198288,320.9203471160627,mitm_dns
120.67776133521886,3740,30541610,1854,730,523.2546805178497,34,9,132.0607854861595,0,21,251,297,35.87432213298273,16.49326431434537,364.3742640777367,mitm_dns
50.616815149376336,6628,44025840,4844,1513,233.27752677167254,19,8,161.50133625986018,4,91,120,186,59.39808770805368,38.474306312127865,437.6474170397848,mitm_dns
133.0865020502723,2607,49754203,3638,804,419.7350175682532,56,14,188.89278455435687,5,20,436,203,52.83574512085267,21.407987757847394,288.2412558824217,mitm_dns
113.95584263522416,4922,9091104,2607,2087,587.0541578456608,21,16,160.00525330686855,2,78,220,107,39.82090302131833,38.47705584816043,579.7455394722119,mitm_dns
35.21017291648329,4946,5304180,944,1698,524.1697440611613,43,20,128.68013473867424,2,44,289,271,48.67617928336919,31.832926211596497,566.4550414378314,mitm_dns
114.55732279472743,5400,33612790,3010,2057,300.68831587890725,55,28,175.69851576420461,2,91,271,292,37.974733221677724,39.01163017152156,374.63445475911743,mitm_dns
114.64765042683646,5437,26475626,3467,2635,488.4603735163426,34,30,87.6298568525088,1,45,164,70,37.083327872531875,18.566521265344118,208.85040323581222,mitm_dns
134.66120381831234,1129,38532342,3020,2732,558.5325156893435,29,21,90.50460322031314,2,33,489,152,53.837781889020015,19.692895141212798,575.9805541372767,mitm_dns
116.35748704666665,7505,20372718,3959,944,156.42083605173437,25,5,134.38403982232427,2,27,222,144,61.07678553980722,27.655039575837357,247.46537585763656,mitm_dns
57.23889803678463,3007,19287446,731,2934,576.8284718125012,51,22,150.0225453335762,1,30,312,259,34.653757304250426,33.30254651235079,554.4523576168605,mitm_dns
62.02364525019487,1914,30487241,4941,1890,210.0053588218446,59,19,107.12065676234647,5,12,115,186,55.82466354556633,31.926119280304444,398.2729671601852,mitm_dns
109.62453717956501,6837,11307999,1463,692,139.70041263237715,56,22,133.59609641943402,4,45,262,90,38.364610482081204,34.46936435314886,463.17660295772595,mitm_dns
140.86865689187624,3887,29154485,4440,2086,229.88079438753158,53,25,186.83522255305581,3,16,157,177,37.759822202567996,38.94620280644312,547.8774537089608,mitm_dns
170.0638246713592,1414,46505845,4633,1883,498.3163175785434,57,9,106.70772782409544,3,69,331,83,53.092188665263265,22.00915001674784,329.56552030663977,mitm_dns
58.245041364780654,8668,328525,1213,1341,555.5133695227853,51,6,191.00004502820263,5,99,282,258,36.100026015541374,23.179851606286096,414.8039581265503,mitm_dns
33.68799149346154,7020,21942837,4552,2896,592.0417593629296,12,5,190.49298359630978,3,97,191,236,35.12094261220472,19.275663089672157,327.91544337008804,mitm_dns
129.38521032782108,4192,8147365,3785,308,402.10765935899286,24,23,163.0759657547718,0,37,490,151,51.16346383277266,28.826395726381485,234.73783878796434,mitm_dns
179.0181898673755,1574,13418390,1296,1011,289.0417286099283,32,16,165.10247601941944,4,60,190,282,58.8338336428371,28.027991498606355,274.594812320511,mitm_dns
138.93815230336145,8940,16617588,3117,723,459.568247100446,49,16,179.26963915817555,5,97,209,282,39.38525144706922,15.06927873584098,455.97465244896705,mitm_dns
145.62867367418283,8253,15322936,1857,2338,401.69487225980953,21,5,114.47952988468757,3,98,455,262,65.77607803991803,34.94789955513019,512.7434800685609,mitm_dns
63.825276563915594,4713,28502272,3796,556,353.6379521712961,12,20,127.65152194348397,0,80,335,61,50.45802598817275,21.67269884209356,399.1336816189056,mitm_dns
173.94133477001617,9284,10729703,1937,1761,119.28719542425233,10,20,94.96175452110552,3,22,281,215,63.81287096504873,34.708798448849635,421.4488065906208,mitm_dns
163.9422627867153,3996,47484695,1034,2219,433.1103205448233,50,18,190.76514605353904,2,78,232,249,46.10148831560503,16.00912347234305,377.0464889816989,mitm_dns
69.39834028224362,3378,14180794,2075,825,170.81719842658953,20,27,141.00299240668474,5,23,486,205,41.68147690706142,39.91414833530084,338.4424464708957,mitm_dns
178.55842963273037,3527,48240872,1808,931,467.1262374458995,32,17,86.859189310992,1,89,272,104,44.8636250663071,11.479268200744281,355.84453118515955,mitm_dns
154.9674192410955,8844,16517653,846,2853,157.37018410702288,13,13,127.61836947531182,3,45,153,261,39.452590348217754,24.567004889771873,326.10212334726805,mitm_dns
158.515777988982,5995,8288936,4901,1526,174.24857472461477,52,7,106.3701851142362,3,32,305,219,32.29327693841397,33.53635243031914,465.58807909279005,mitm_dns
64.38579056886273,8758,44180522,3293,1781,131.62877378549783,56,13,174.8904989446496,0,56,263,114,52.74707885763689,33.978464940401885,574.7133959120787,mitm_dns
128.9532352245891,7034,5903437,3807,1296,136.01044072767036,46,29,190.19743949761727,2,52,319,119,30.676279535763094,38.00035655584751,236.52959339687817,mitm_dns
138.13447837826823,4465,39756950,2929,2046,373.56087601427413,32,30,102.18353157657216,3,10,170,54,40.144837548949496,23.03790375062698,263.3182843526111,mitm_dns
32.23633990189504,9128,6548758,1413,2910,144.90269403782165,29,7,192.89609182040573,4,41,484,233,47.199858697037975,38.39904746867065,361.413468309514,mitm_dns
109.79704540207551,8436,27345087,597,2519,577.4455335856223,40,11,88.90320226398737,3,72,347,109,33.19611692365702,28.05826365614458,508.19649453572714,mitm_dns
49.77774139998381,7379,45395133,531,2085,579.5719137009937,54,23,195.66016751267125,4,89,343,216,51.78786498914855,20.572506242371666,536.2640280646158,mitm_dns
170.3954076111371,6058,13724126,1244,2668,145.8477572722929,59,17,119.45788053461911,1,13,362,222,59.003248448859964,27.346552380234193,333.94846672323047,mitm_dns
64.97622921096817,3371,3165579,1598,695,393.0467541115473,32,5,172.95148880699765,3,58,239,122,52.52161432507153,23.682844221489333,568.6643281104934,mitm_dns
101.99069113309048,1818,179900,1449,1923,584.084787075454,39,17,116.74044249283088,4,95,490,161,49.85647213486245,18.932316282182004,379.1304307969983,mitm_dns
97.52083889025141,6071,6074493,3738,1024,292.8284611200034,32,18,162.87514536733124,0,42,269,58,30.922143580527912,17.32791759513393,325.8938899607408,mitm_dns
63.08861941500727,4263,2625645,3463,1315,382.52315307641265,49,10,195.5463264564303,3,20,156,275,55.399589409063054,29.502215763500345,254.941274432271,mitm_dns
134.39181556570185,4649,21648402,1986,402,447.36074645430494,47,19,166.28190130706759,1,57,279,78,36.460479953591886,14.833068280519367,365.41018687016117,mitm_dns
60.95550994563824,5910,15855197,941,1486,407.04075951122076,43,24,181.99267109595934,4,52,413,150,43.94723770696021,18.45078909708876,462.98364232368624,mitm_dns
67.20205161557021,6413,17664082,2693,1106,253.69577597467853,26,30,88.75927191231291,2,88,162,151,52.77541903495879,28.10441857332474,297.8352658539459,mitm_dns
121.11914326525262,5234,18607815,3993,1367,213.2074764926728,27,18,111.65532262668866,4,96,436,229,52.45428954700749,14.38312431228059,219.09769354260254,mitm_dns
79.22820087578623,7883,8710315,4207,1095,594.1635861084592,52,22,157.1054292653832,4,84,238,75,39.9670887463371,13.108340270967373,203.1904399326633,mitm_dns
164.1324334147373,8299,8763000,801,909,157.57176451541952,40,29,85.20220739745811,2,48,365,139,37.70865568133158,28.9089176900138,513.7476039314226,mitm_dns
85.58160394803969,8743,39399294,1380,714,118.64617781502697,10,6,116.21254886222272,4,65,255,147,67.15601565363654,14.451451016262434,444.37536663844,mitm_dns
114.98602962636315,1448,9591551,3214,636,168.1802100642962,17,11,168.06066351870396,3,52,301,271,44.249561586607996,31.209363623314854,356.6425299355822,mitm_dns
79.61510514730617,6527,42244664,4161,209,377.6886185255664,37,30,89.4657560491841,4,88,211,291,32.75137313040836,31.174488148204134,421.02018981678674,mitm_dns
58.37288557668205,6361,26711937,3477,1106,142.32103404581167,24,22,146.08760807304378,0,36,251,277,37.34268700793197,34.864407123788226,263.0285320663098,mitm_dns
130.61227613038758,3223,2347171,2337,998,255.01368588775134,28,10,111.81477583042752,1,93,155,54,42.05031282663068,29.898570727727318,485.68224781586395,mitm_dns
92.35278267908993,7492,36357058,529,333,376.0844595412527,51,15,165.29067460404013,1,82,243,147,60.13052957730493,38.77789885926016,261.19625534451296,mitm_dns
150.70765084082475,2469,43494816,4291,1994,544.6342858897387,14,19,111.61951528935757,0,48,206,265,42.74147840095918,14.654972678806086,414.6246069489098,mitm_dns
148.70625596647915,7006,3249531,1638,863,507.5333683158626,49,13,130.65491681472372,2,33,329,242,43.47096375520012,36.164219324415555,568.9126305543659,mitm_dns
53.9224581408914,4293,9057460,4562,827,411.8042416617567,24,5,96.35506094954167,1,52,305,196,69.66026041144346,16.465787188204636,551.1258870660091,mitm_dns
64.4582733012362,4595,13338469,2377,1872,334.22301352386626,14,28,163.0709610487721,5,64,333,143,67.31258714669498,10.321185016082133,542.3611117210035,mitm_dns
51.29916784454775,8837,41014429,3145,1491,224.56173039468007,57,6,100.82729334651887,5,57,207,64,33.12967626499001,37.10534554117356,564.0940732682656,mitm_dns
140.20741825743153,5232,32824714,1697,1162,114.52169275576182,27,27,190.14797623523594,1,15,165,188,41.840204435125784,12.043041276905239,588.8821804510203,mitm_dns
117.22915181089127,1268,6197979,4020,867,578.8059188552446,52,30,95.88833000601001,0,57,129,162,62.5729682679993,31.66637020116757,566.5167296866341,mitm_dns
68.8415254584184,9953,31142543,1132,2150,421.0965567680534,54,20,118.53379114702963,2,62,154,209,61.46638954651494,28.021606341536756,544.906208464136,mitm_dns
168.848896246824,1819,26025318,3247,2820,370.811994475834,44,19,98.49033962662797,5,70,422,87,43.57913598590768,36.16629539380983,225.63560360633943,mitm_dns
53.332775738080464,1657,39354207,3111,1778,297.1014617318267,44,14,165.51338516597968,4,28,226,174,39.96415097332032,15.628794532575348,429.36136951870014,mitm_dns
171.0732866186378,4052,6792745,1364,546,142.97633833932287,13,8,143.70990227868225,4,15,220,228,43.86622458175427,30.650800739109272,366.37146415514474,mitm_dns
167.73198024490543,1819,45036741,905,2061,527.528873270317,41,14,163.23031458501845,5,38,406,88,44.100871116986575,27.63270861766288,447.7705437459067,mitm_dns
67.7728730750586,6815,12058987,2907,648,346.99587412932385,21,10,97.05259702084902,3,59,483,115,39.990933603141315,26.726689365745376,272.71516073808004,mitm_dns
33.21960228761645,5739,10143077,1482,662,287.84023886973995,34,26,118.46032621124314,2,85,430,147,63.99989514294684,15.770729312771175,278.1194917560753,mitm_dns
140.39108522404848,9840,13219918,1957,1387,247.21382149324535,38,5,116.56799093085826,4,73,360,203,53.204424358143996,19.917808699252507,308.3848490256814,mitm_dns
33.12143393357041,3723,792858,3365,2714,441.55827901334743,59,21,162.12256611826496,0,88,492,273,42.528872248371385,33.64068575543262,379.27801757107727,mitm_dns
68.60679860105444,3976,26759731,3799,2799,428.9663128897662,20,24,168.92970858502304,3,39,237,97,48.094021356487836,24.94024406541108,327.5627130114746,mitm_dns
55.574452981372886,6876,38166746,1558,271,309.1804298779123,35,16,145.1284337792232,1,87,168,57,56.164793184067435,27.181138558341804,570.9785793950198,mitm_dns
52.636406413312066,5683,7953456,884,1521,562.0302761520645,59,18,106.20395634356872,1,85,262,130,60.298033554804476,31.033942680410814,360.88927755532075,mitm_dns
95.38374674807906,8590,44953891,1562,2845,304.3027735216933,49,28,115.59907704360512,1,15,320,146,33.03991148925557,29.89735989105901,449.4009510110976,mitm_dns
34.060176737204706,6564,6616005,1893,1038,461.9256805888159,24,25,144.5971728208212,0,15,239,196,51.377307728429926,35.529743557672845,481.7489917741393,mitm_dns
53.555088114998114,2371,11963519,1543,586,574.8784073771376,21,30,89.15233317504511,5,47,361,219,66.46786090237968,13.379581729597327,348.9957914898586,mitm_dns
53.04805539890772,8134,36569632,3717,2394,349.7517689743412,35,14,187.23553986111529,0,84,156,185,43.068664748115495,26.688160569347527,223.39505669314684,mitm_dns
76.39558306577258,6006,9063409,307,374,497.30623136560297,21,23,191.36823788506638,3,66,426,184,49.21766169206856,34.957249085682264,408.3123902299768,mitm_dns
146.39075734102983,7352,42902428,3590,1354,572.8657896452258,35,28,117.29506561911475,5,25,405,161,58.96881882229482,16.53134576146177,463.401601255812,mitm_dns
46.768959101865065,3308,48073376,3872,793,189.52283887231243,22,10,82.05292997268283,5,18,123,122,36.52380603901572,17.58806933430527,286.7832654590537,mitm_dns
175.88703712012756,5610,49273276,4278,2293,558.5182885824685,46,29,183.4246784746806,0,21,341,270,54.59989352420375,14.602727403949723,504.14056302979964,mitm_dns
118.21912699499394,5549,38712246,4615,595,425.8438414368169,42,27,103.89949808498649,5,80,110,64,38.77360668038826,22.95972952743955,363.92853564303147,mitm_dns
140.62507073006282,3754,47494318,317,455,102.69132237075087,22,28,99.35523826412084,2,34,378,151,37.54208233146911,12.89083503272731,328.7061918729791,mitm_dns
36.96198790517164,3940,18229647,2301,2368,549.5722324957821,45,27,80.22931987224598,2,80,452,91,66.99619335470493,35.27353841296957,446.3777785626533,mitm_dns
128.99771375025074,2023,4102459,3995,1830,366.9909361656996,37,10,178.71619444256004,3,41,216,95,63.753457533064484,39.78830327604757,282.72364998464025,mitm_dns
160.81210311681215,7313,45276005,1969,1078,507.27868111302024,36,28,89.99621436505751,2,91,158,276,55.24423836573215,26.26993073069698,524.5301060379819,mitm_dns
154.07272245879878,7594,11980492,3557,2063,152.3774260574287,37,22,116.56433549386165,0,10,138,98,36.202101607270244,25.175244761504665,262.7405113015326,mitm_dns
165.0103399443725,3496,6753800,4728,2281,465.544907639982,24,16,187.72538023010043,3,86,472,269,32.532027521239215,24.306121541269157,483.29882901279797,mitm_dns
144.63807680042444,1324,27350266,4250,2219,292.82137265418436,51,6,130.69903232650546,5,57,397,92,30.250957797409313,36.96561871491351,415.29050625159346,mitm_dns
45.06767331395365,5364,16700201,914,2744,163.71782894093127,48,19,194.7826988188191,0,68,357,227,34.426759884459756,39.09810958655644,367.59970062838613,mitm_dns
157.98431947817022,5046,36407088,2748,1633,430.3705770428425,21,28,161.0668322592702,5,29,459,150,45.07481556196196,30.87793498188429,528.7901264406853,mitm_dns
110.07998695724332,3798,41146167,3199,2554,514.7164936892718,18,15,133.7860845364392,2,88,359,201,52.62017604443703,38.572722858751035,337.3714367334553,mitm_dns
63.527355196711376,5470,45140951,3864,2773,418.23096800235083,58,19,168.5808935444309,1,84,411,55,47.80207224730166,28.822047369594763,257.08775450239233,mitm_dns
122.60138244778557,7931,39712058,2794,457,482.2349214474587,46,24,127.5628734985869,0,81,101,191,61.27387481787473,23.71852978475247,474.4006624213328,mitm_dns
104.7045784312227,6766,46108758,4977,1364,302.8140510462209,14,21,103.224949958379,4,74,254,78,46.43813951672415,17.275956039646697,535.5582787344919,mitm_dns
107.84813263683455,6625,13941732,3565,2581,368.2174064532938,44,8,199.66897998525556,2,84,373,57,40.608843949441834,19.481112884702455,516.9340956357955,mitm_dns
54.99979361468702,9433,26574344,381,1538,582.4262901056608,17,6,99.68316769463263,1,68,120,151,46.00859054621398,26.586308390310997,560.6927217877106,mitm_dns
32.7117276637263,9918,12121982,2516,2389,516.7819107050548,32,21,92.52495834544817,1,10,384,274,51.584958902935504,26.666335133452836,549.973612027542,mitm_dns
150.6746835721459,6404,32477853,2799,2931,507.4017574670057,45,12,154.26252448112166,5,70,234,263,64.18441764817024,39.84530384227327,421.3328848708659,mitm_dns
92.39910608259736,4875,1077701,1523,2031,494.15139470457285,10,6,80.07582445101802,0,96,276,234,45.61509333842167,30.364754737160442,240.72900590948421,mitm_dns
163.2906803519712,6830,43388526,1965,270,555.5802344092762,32,17,115.13406106569593,4,43,492,194,37.663275845488315,23.148247594851533,416.54492218782434,mitm_dns
156.7006101800531,5820,29090573,3976,2532,125.89315735792219,58,20,189.67767303080564,0,93,160,185,48.88416354715689,22.433361756396337,457.0956224311765,mitm_dns
35.237920617196714,2851,42447262,1971,1951,286.18061724512125,54,8,85.71265300893144,2,47,255,293,68.75715769888907,13.945801169004957,438.1224034373238,mitm_dns
36.48987896002231,8929,18505192,3109,1928,379.31304612154844,35,16,99.78016254384828,0,58,172,251,61.12475041331232,13.504874555082754,564.0644769197493,mitm_dns
121.69227473142354,8146,32157018,1421,1491,566.2194491381579,59,10,102.10841620469752,1,25,411,52,43.271408747408344,16.463645606906,454.080908440102,mitm_dns
128.98597742791682,8202,2072971,2418,2243,253.65158945471163,34,14,144.94206245712076,5,51,290,202,38.91349333548017,23.11220213612711,268.28898220178155,mitm_dns
157.21547464738353,4797,35961470,2145,1480,103.05332053117047,15,9,114.49638307066286,5,54,211,76,36.64896568701171,34.86698415767836,559.7883272049786,mitm_dns
38.45349021627489,5081,26566826,1346,2896,192.4174373839231,15,7,191.5154859874825,3,40,498,213,35.72745550671438,39.09731674119408,397.8613917739777,mitm_dns
93.83980300918321,5435,36075163,4769,1209,408.7427517268995,45,15,165.48385978499658,2,80,266,93,37.237785632746196,30.05780159799915,268.12447214504436,mitm_dns
156.25472249046936,3292,47935376,2861,615,303.0401085155314,42,15,138.71042463324372,4,20,329,67,32.18956510305054,37.48710834657224,411.6372044434532,mitm_dns
125.50981079842553,6951,20804012,1059,1258,324.1184281338305,29,13,136.59391125767326,2,91,209,141,60.89509044323744,18.926893272629467,549.5380149153602,mitm_dns
139.77002055572333,5846,7625251,4078,687,278.20355884947236,29,27,176.69331846831645,4,68,202,116,41.575398399652656,37.03906042941688,281.26981269314,mitm_dns
80.00550586510599,9000,34362102,4677,324,211.122769099607,17,21,106.13278873677726,0,18,452,101,39.58583707377264,29.3292924436552,567.3776674296718,mitm_dns
177.0604555855168,7997,2612191,4502,2143,353.0137990971948,21,30,189.6330427141336,0,55,189,172,51.732202313905304,15.888977648983005,314.09640558722595,mitm_dns
113.22779175057441,4013,21304367,812,1483,190.76963783140155,38,27,116.68754763179454,2,94,208,287,43.097504594605724,16.792785856715792,524.8671198063403,mitm_dns
147.63733943386882,1819,6913372,4493,2512,531.7384962267427,32,18,162.26708901974513,1,47,242,272,45.26063695447564,12.628670275633183,391.6763259252699,mitm_dns
141.34601352240878,3663,39861321,3556,2611,566.0712184954598,29,12,105.18801761892374,3,27,400,204,53.02367039232031,36.65976428450732,451.64199410041203,mitm_dns
94.50174368395632,6594,3633837,537,351,156.08276668274482,44,24,146.49243027593283,3,39,395,54,51.25166860399271,17.018576301483876,572.4494865052644,mitm_dns
136.33053631378039,3682,6488741,996,2413,397.2254880130244,52,21,114.86112556272933,2,31,433,125,45.59449770359258,32.083676890555694,405.8399134173363,mitm_dns
107.50542048090041,8500,39213658,3336,1994,185.34828037410975,33,29,186.77995278562156,2,91,463,196,43.94117914266399,25.5969786181491,578.179143423774,mitm_dns
141.284588401573,1841,12122560,1475,492,320.55369148102557,47,19,167.73536938918812,4,94,439,266,55.248003255901224,12.219360728562254,255.0635972596399,mitm_dns
109.32244189878692,4072,43002545,4001,535,331.06104885931575,31,29,149.67193978648265,2,43,268,257,33.955261346670255,17.976276456148554,570.3859365168532,mitm_dns
93.81810810007872,3619,35202786,3504,2343,152.40557746216717,21,28,106.11653653221904,0,36,370,178,43.668760583396406,23.032522763815805,414.55042396210706,mitm_dns
146.3041056117967,5026,41019938,4327,2406,139.89318488203818,31,23,81.36278202012893,0,89,436,284,64.65865342797963,35.31130121353314,429.1434604831786,mitm_dns
156.8884735184803,2726,29983234,4133,2563,123.49703896942185,30,9,147.232882256606,3,64,399,103,38.840446419451425,33.679559165314316,235.77210792304314,mitm_dns
154.35883692315923,6129,33962633,4711,284,477.27208331939704,39,28,81.42664799285131,5,50,199,82,56.933381973077005,10.599255728601396,497.7652821586664,mitm_dns
48.279080736271965,4950,39324663,953,242,224.30989354299732,44,9,182.339753425275,3,49,168,215,64.64558253143701,20.486852106734197,297.33972467037125,mitm_dns
93.9887866105093,1967,46410783,4650,1543,513.1758903526197,16,21,166.06146316798055,0,46,267,65,65.17278436888128,18.980105790237502,485.8534588248686,mitm_dns
60.987611488022935,2141,23135186,4649,2232,202.82078899113327,58,17,96.78330860884124,3,20,211,226,43.94715830971509,31.618734434154,360.37729253873204,mitm_dns
66.80190392842792,6787,16339975,794,229,413.3156647304572,44,15,197.0513286058442,3,21,287,212,68.2250551259216,23.510882854236467,298.52410282477206,mitm_dns
127.59922847261159,7321,25304315,2261,2595,343.67170620001787,21,16,121.6060827283745,0,22,294,124,39.84397333648424,38.69556390021205,445.37772846993005,mitm_dns
31.400985459692453,7367,68240403,1082,1015,332.8027061707496,88,21,456.5780941212355,18,246,58,6,50.187439424727984,56.56450368445337,217.99410634365432,payload_injection
25.84960045880282,3594,34260410,1150,190,504.8401120788872,117,46,222.96301953858563,8,209,69,5,75.38423982013573,28.18950841866794,314.16528484878654,payload_injection
37.72541124666139,2954,55024875,1187,137,587.1627074041858,45,22,256.6728137491915,5,84,72,3,50.330902416723596,25.708396877827163,267.87937047639673,payload_injection
21.888827125525744,7522,68381604,519,589,409.55520372662534,116,37,335.98629187656763,12,201,50,3,87.06260026145212,43.01377874963326,330.05308150436815,payload_injection
6.796144073721493,4557,54023235,1165,1473,473.2091612182041,114,75,382.0436506570045,5,195,32,2,70.22625253694684,50.54125483578331,211.2878469779625,payload_injection
29.546643647297476,4221,36238108,1410,1595,579.6764905923203,44,74,412.0735590989801,15,187,68,2,83.83433207600116,24.931435124132854,206.35282065947646,payload_injection
12.861839539192012,5757,57068138,2364,1196,592.2620393507588,43,68,315.1242371778422,13,248,14,3,62.20267502877445,28.330583450391174,301.5507184267243,payload_injection
25.90869811211403,1032,68132899,2121,470,365.1558906163611,86,61,424.2238678615039,12,237,39,3,66.1881191384687,50.43923749771605,279.8028499303,payload_injection
38.17600376935866,1272,31262087,134,1289,86.4773160502173,44,80,485.45417342135295,11,181,63,0,57.45158837585184,25.108651636808514,153.29610511267427,payload_injection
15.580294962979643,1866,5354180,1173,188,420.7085657167349,51,75,460.9672164156521,7,206,14,10,64.24397929019041,38.473011593207865,102.92912205615919,payload_injection
35.31847664102867,1043,2691440,331,1498,438.8734651898512,118,57,451.65969737802703,13,75,37,2,60.82890372611028,59.91322540664169,196.0792089706322,payload_injection
27.033532155527634,1116,8035583,2645,1038,451.5852361946205,69,26,486.42544888174183,9,86,45,8,88.08472051191809,21.126451071316513,392.0759133558831,payload_injection
27.32083751996441,1737,99962858,1696,573,530.0860792794597,103,46,261.405829749999,10,145,20,7,83.67927619771578,51.738036913917384,174.20886841300907,payload_injection
5.559551198784924,7318,93183307,2744,1429,191.27215988668425,83,26,232.3646885161908,6,59,34,4,65.30287639076724,37.264846294884904,375.016907994397,payload_injection
13.604489281851206,4390,1660506,711,1168,287.6652729011954,118,61,250.95056531449526,9,249,14,0,73.7822727367941,51.17731177581027,194.57827922977128,payload_injection
40.7305004604422,3892,96880266,655,193,377.0454447523005,55,46,487.5308540695191,5,52,53,7,69.031843127285,32.51953930557521,123.97299735480453,payload_injection
24.797312987862526,1618,44816759,2406,75,93.51836841729008,89,33,384.60078119072125,7,98,14,10,68.05884008755243,26.40990826294547,143.6628317957933,payload_injection
26.621434632836856,3618,76067113,268,1572,344.8443669509834,39,61,316.95426738772005,9,97,25,0,82.17059905041081,30.15543291455905,448.0555114807168,payload_injection
33.39780890151083,2788,99838399,1769,1672,138.17482441196347,93,27,370.8438266080257,7,171,10,7,60.27341285538472,29.795136275011988,121.51743168607467,payload_injection
44.13483087560527,7258,30327222,1335,650,525.5508441402733,46,31,308.16377359082855,7,215,60,0,55.762829286551835,27.243348722062652,464.5477968088184,payload_injection
15.79512410024667,1174,19097652,2821,1545,88.8491790245275,64,39,422.57234563669454,19,254,70,2,65.03310490161897,20.904157819820675,369.7611754615055,payload_injection
21.826650393471954,5624,47445265,1393,243,196.81763708542,46,50,322.6925866579327,19,204,48,8,50.96425770834426,58.826983474828964,153.5746105621707,payload_injection
42.92074392585349,7276,92934277,1570,1246,360.8259470939107,44,44,211.1166144864557,8,77,24,5,88.20330498520757,41.48096280736988,468.8749398040582,payload_injection
8.636751821854567,7098,57745778,2313,1853,290.3937753778041,119,38,419.7520493119589,18,115,71,8,67.11839520667901,55.152327092975646,492.26589952020385,payload_injection
31.97858048120171,1539,28758354,1998,826,599.5461799991836,31,52,357.65566886045247,14,166,43,0,70.44687382853074,29.228851031756996,428.34575074121113,payload_injection
27.29960977328468,1225,75823305,548,1221,96.9150800642502,67,59,453.9112327260981,9,71,65,4,51.744483724341364,36.14655690529364,394.7908214512456,payload_injection
35.563651779021775,7249,27108295,1709,1295,580.2128271742788,110,28,450.0817169190507,15,300,39,4,71.61329754263625,40.39446039111801,208.16760793044375,payload_injection
42.78195647912738,820,67718509,746,290,196.4807496854947,97,46,295.5683393947505,18,97,28,0,56.726901550864596,59.91484289363018,179.72074372613523,payload_injection
34.074112621446844,6122,99712519,707,1824,87.5633051009878,72,20,463.5947686615675,11,50,17,0,50.726948245925826,40.759886019499106,199.46672854804825,payload_injection
16.66763238423369,6351,54180831,1957,540,388.74672277152195,108,20,201.00760649776004,7,81,42,1,66.24775165269412,20.106004483444288,331.8580238668471,payload_injection
39.23495854449115,1256,51654447,2425,1592,465.5189112308868,49,72,270.5290842179888,20,101,68,9,76.93016485331432,57.80283831755351,330.86786784754895,payload_injection
23.39324496388812,6368,82966480,283,845,84.6313193568889,73,39,362.9980005077838,7,291,80,6,69.20115619897095,30.320528861435612,197.97754001805322,payload_injection
7.026487893777387,5388,79169532,2209,617,435.83439971462934,61,47,235.62220981043268,8,235,41,7,53.29927740382227,23.844851709422876,452.95218850720806,payload_injection
17.73363056554404,5924,81134829,2374,1372,272.077612884622,63,41,350.3745506886876,14,88,12,3,75.4368788778109,52.19679440494311,365.89228216421094,payload_injection
7.7365435251649695,2166,43528750,1079,618,294.69393054977223,33,48,296.49549210457906,13,122,44,6,67.27769745636485,25.93079379681171,121.46740584221641,payload_injection
7.342407569449079,1630,35885671,2737,1526,88.33662913187536,47,65,430.9973065683429,7,226,74,2,86.82602052026175,46.10473043396837,305.3355707130979,payload_injection
28.85854033304527,6783,38837039,104,355,579.7056545552248,80,29,210.10420888113626,16,178,18,7,60.48319807315683,32.99046692396239,154.3772711383372,payload_injection
14.096060630580372,7977,48168532,2709,444,294.02463288618605,50,80,479.1656357547697,16,166,12,0,61.786369707342956,26.378814464734475,137.88049814847216,payload_injection
35.86358116865566,1642,74092614,2972,729,135.73509339582222,44,63,325.60186893850886,7,210,32,10,88.98211339931606,33.838062752622605,107.15956773419583,payload_injection
31.622345109664668,7809,53412652,568,1859,96.48771577799893,89,58,251.86791245429947,6,117,64,6,50.94126524143878,23.41012183659876,324.62304008693377,payload_injection
25.894863648213224,4254,11682103,221,233,456.1712677558431,52,32,495.08275740760456,9,195,64,1,64.0338993339453,25.003737816025335,361.94558413162656,payload_injection
15.579678400309053,4861,96059984,1632,73,338.8344152452263,84,47,425.429028999289,12,294,43,4,65.27342668932857,21.84013991673143,450.1277038617775,payload_injection
31.203662508041962,7822,19421183,1901,908,593.5393893253562,111,39,314.8458059695752,5,77,21,5,59.46391284669744,34.63803783035892,387.67139835215113,payload_injection
36.94198329029128,2179,98282478,1366,1057,519.5790314482779,63,35,304.9166989885291,18,71,72,6,71.39032219918874,26.52727602130212,227.1401278879115,payload_injection
9.062271341518535,6065,16990639,1979,1418,575.4113097138844,80,48,496.0596896792799,17,266,63,6,87.39789615603756,57.27529248559176,413.26866865214515,payload_injection
43.10814176578604,7511,17501259,1230,206,577.3241871731792,109,76,332.57893819482797,18,268,79,7,70.42546893842794,53.77236731933429,416.04276485307605,payload_injection
16.738072476775937,4326,10857157,2813,376,380.6541698518883,111,33,308.48168659592733,6,155,23,8,62.13232263940529,42.625012243799155,497.36868828933586,payload_injection
43.94217257069779,1528,31630556,1382,1819,221.37512014866928,56,39,216.09427178033863,18,274,58,8,56.094415172181805,24.418513819818465,134.75225966059688,payload_injection
36.62519622957653,4045,33977264,2576,1561,470.62918026198275,50,42,277.0333727631689,10,54,61,10,77.63825514209636,52.04119392724481,357.1272367786179,payload_injection
8.517656554703393,1513,13616103,2846,1504,398.478738191649,55,54,365.12937116691734,9,168,41,0,84.28698112627569,37.16137982413224,222.6892001192191,payload_injection
18.494526945700706,5306,38637625,2149,1840,529.280040721587,52,66,219.43186341576668,13,200,63,8,50.92796414884103,36.20607179556835,203.86814733198682,payload_injection
35.96525937863783,3345,13248915,512,139,174.50731521380078,50,72,463.44879650563735,14,100,45,1,82.08588919824581,27.459524347524212,445.27594157847045,payload_injection
9.73855456955226,3788,6889427,1373,1301,466.86657290572043,97,47,201.2573856647215,12,177,28,1,78.54119888841532,45.67440118560047,302.09455902889533,payload_injection
7.1148553453249574,978,27247311,768,177,599.7413078204619,55,26,378.40235035133765,6,70,21,4,51.297349315392495,20.528253379421415,219.1256103485333,payload_injection
42.47147127236243,7162,15723469,1085,269,470.11047451739455,93,67,229.67042980274707,19,245,63,0,81.22697137272806,24.198491538949636,352.13638173839564,payload_injection
20.518150295050766,1774,47667569,2900,1514,400.7562871906163,36,66,352.1980239265498,8,198,46,10,68.66637314005959,40.95533976812862,446.9342808862286,payload_injection
41.85057997984457,5650,16220596,415,471,578.2662953997086,73,34,301.30914121145565,10,230,25,0,68.90192983228683,26.658711301717666,311.3938113331667,payload_injection
39.68913371477156,4134,70190337,114,1015,151.55294690491706,89,58,428.13583774023823,12,169,24,6,54.23134488664626,21.0996149636879,376.10376629825146,payload_injection
9.44272779798425,5542,63129869,733,315,544.7537844289642,116,58,463.73458003588337,17,114,71,7,80.99575731772615,41.418953298916065,294.06586390390396,payload_injection
38.500050671900816,830,60100178,1817,1196,528.911403232381,30,31,439.4806682023316,5,222,80,5,81.37512515541852,38.62088348482,488.1122395411172,payload_injection
6.259112958529731,1890,87470280,1152,1420,531.4258181485781,54,71,430.40970966582023,11,274,60,2,56.49077056952651,52.96962026403596,256.28122861707266,payload_injection
6.522057589692474,3649,80911459,2839,1613,278.8618752864952,75,74,336.7678744932598,17,220,70,0,65.55734181429357,37.699360454750135,373.0556349650243,payload_injection
7.651728819886046,5576,92672787,584,553,380.59337736551703,76,64,424.5703435084291,9,72,51,0,79.43199518783095,53.54918253617653,457.85964816269814,payload_injection
37.938057227489836,3681,9807579,118,1033,562.4266946689488,57,32,309.1936030531391,13,278,30,4,83.94138491507807,48.11265103461075,377.9352578893489,payload_injection
29.800111215768332,7591,29863970,2467,330,230.0503668319526,67,52,219.78752364305552,5,52,48,1,79.54360825571013,44.02748072426584,423.7958254653044,payload_injection
37.56189704402395,3091,30736623,291,351,132.48568081495532,39,44,342.88135182789375,16,245,80,6,77.93143549287367,36.17119512346838,417.6751680525185,payload_injection
14.243535896464167,7608,82522027,1451,526,241.12625990788877,41,25,200.9420797061584,5,259,25,4,86.4833588894215,36.82444460975428,407.4829637814316,payload_injection
11.218723800952425,4641,78595261,1838,1802,578.7612284987072,70,50,274.0345713909183,15,132,24,2,71.84034638715637,23.05440095240856,279.6160426962595,payload_injection
24.707171717141804,7112,13267836,648,529,387.9831724874699,102,51,352.00689606024855,15,142,43,2,65.05522187175808,57.55553085788841,118.24577975996502,payload_injection
31.85786390665119,5403,62039770,758,515,461.86303764092355,32,29,288.6907408835766,14,161,57,4,66.91406004821184,38.503039320875345,156.53857003652593,payload_injection
19.324121792512493,4117,13706066,211,993,185.85858577337848,94,49,236.75091347468,17,256,43,10,69.22737375842291,59.79631711280862,401.0553933080439,payload_injection
24.246177573376734,6420,8264317,986,250,333.07150963981513,69,34,359.02288410651477,10,277,66,4,82.85351785209654,53.62146505764547,301.30194677912044,payload_injection
17.972704978489226,4260,90206590,841,835,105.90147945462746,102,31,299.69923628768356,17,225,77,6,89.2506069384517,55.740117863079384,174.37459693849246,payload_injection
25.647776673407993,2959,6182843,1937,903,302.87760623059626,47,20,333.5958659336775,17,224,36,2,69.1293918924318,22.70391191830241,433.9339366746152,payload_injection
13.26108930798743,3271,28000280,2346,1935,288.4611011107396,83,64,241.5089466232088,9,105,77,6,78.88142243145397,53.4358237609814,342.95258537566133,payload_injection
21.25747886178518,6003,93208192,223,1682,216.88804588352502,96,45,377.39653366675253,12,95,17,5,81.20688389853129,51.09683103421838,203.88329626925716,payload_injection
18.874125417532554,708,92298403,2249,1982,513.8068192755561,48,50,260.0044390060987,18,240,20,5,73.84724761657549,37.97488135965594,480.6178935091864,payload_injection
36.0604664709671,3074,25799946,2892,1393,463.69065409353294,82,48,217.33190209436128,20,178,69,7,78.42719773620395,33.77047635754676,163.51408790449554,payload_injection
39.02153494267894,5306,94601517,213,544,512.2102550138032,97,36,244.14877335372168,10,172,36,6,79.98316700377862,25.20951672060539,391.4570874161781,payload_injection
12.210495191704123,6284,23680872,818,1982,414.6017682295816,91,26,231.9250548517184,7,263,69,5,76.04995306939102,39.60383010683249,342.6989141723275,payload_injection
43.74848022813195,1373,56815292,773,167,485.3076624360275,50,59,464.9122637730732,16,79,46,4,83.48598854317879,36.16593258891239,321.3835842391519,payload_injection
6.29527758800891,1939,13950306,1840,1234,84.08908626296946,104,74,441.9414807390523,10,57,33,6,89.79607223304542,59.35787754316297,417.8853766608031,payload_injection
5.556566743747995,7794,35770850,855,1439,286.7107488191989,93,73,223.22964905325327,18,189,13,1,68.02307798402104,55.341522957998265,403.7892848829233,payload_injection
41.86364597560097,7104,10839101,1738,1942,180.88943475288949,35,76,302.7300082562511,5,290,14,4,73.33210086771385,28.34714298985888,265.30753026941636,payload_injection
23.353520388466062,2579,37585728,1643,1232,196.41591432289778,44,75,442.5019736004686,10,194,45,7,67.32924967375038,29.666639243328508,322.0828086296599,payload_injection
26.59724957415235,5110,4413594,1728,1598,563.4065882045784,63,23,246.8821277044186,16,207,80,5,54.34902837839151,44.14492583840603,395.2640402457454,payload_injection
13.99465326285975,4284,94098286,747,1602,336.4932693071278,99,75,226.10199114694888,8,260,59,3,63.92246712810319,21.910320013304094,489.9760835540417,payload_injection
27.528489773602537,4016,8035912,613,1750,303.83248398925116,83,48,318.5398555827476,15,260,31,7,84.52050541824235,42.11859066621103,221.48895965784106,payload_injection
44.08921963137656,5317,65716288,1184,1326,469.4376552539538,105,43,207.01847699130377,5,179,79,6,62.054105048198856,20.111568694918105,399.27347450006516,payload_injection
44.74869232278702,6672,55452833,188,397,103.18932238022201,31,62,414.46052325300735,8,194,31,9,51.85829852995394,27.44683080066658,131.10173018013938,payload_injection
19.856145613381116,7260,40220436,1075,1319,96.93870473903618,63,54,371.726695255644,6,199,38,2,85.95009033586902,33.93983631048155,176.97140350123104,payload_injection
13.251598827038155,553,22568072,1102,782,114.96254132079514,49,71,312.2718622666631,15,138,17,1,74.72767111204155,49.175416298580785,495.72423201097433,payload_injection
16.347196200061077,7022,96406720,2897,1888,97.36292896821261,81,57,351.2880924638198,14,227,36,9,57.74564169497877,51.03059358763792,177.09924243434378,payload_injection
11.488048224015008,7461,33106454,1714,1932,164.8699175409202,84,28,202.1727386381754,5,138,78,10,59.21965721918608,25.053024241820957,486.3672309775953,payload_injection
15.778631494241528,2713,12192123,762,1851,381.4895158254858,86,69,300.0019291446138,17,130,27,0,54.716175837112345,29.709074487382424,298.56518924679904,payload_injection
12.923516653553829,4441,61761396,1365,1254,273.2815350926272,50,24,471.9243325625825,17,96,44,10,53.71626990030921,28.12597897699089,279.25468785136286,payload_injection
29.88536476671209,7027,13175005,2500,321,174.02196322137166,87,24,410.89718914571404,8,173,57,3,78.9018849732823,25.124353451774752,269.420879647049,payload_injection
43.03162612738296,4378,42798604,719,1417,523.5844605007908,110,78,319.5925457444962,17,76,28,0,85.6142492952379,37.02893767370746,279.4275486727105,payload_injection
35.658101805617996,716,655250,2439,1264,162.33638005792554,98,77,280.5739081995302,9,119,17,3,56.64861372266726,24.235788900492963,241.53315034831536,payload_injection
14.21086813809271,3218,47647060,140,700,128.92531708531828,56,66,431.56791435086876,8,198,23,4,59.51051135843706,53.65264864247124,306.96988955543156,payload_injection
22.664663936231868,5343,61923766,2712,336,215.68273099058592,107,28,312.30852088128955,13,270,26,2,88.82991316718588,40.06873504676109,194.50679930506936,payload_injection
37.74554051589141,5646,90701440,1416,1484,564.5208498883569,44,57,254.09980431784786,5,127,79,7,69.70552684111814,37.25688233754316,353.6189418500775,payload_injection
38.18059252935085,2124,28097424,1060,1601,168.4808753895319,105,55,328.9995134345222,8,141,17,2,63.61173226453958,48.65646587100676,366.2048676307085,payload_injection
43.401400277999336,2752,7744709,2228,733,411.00070284155913,75,67,358.1875112587321,11,262,79,2,88.90642099822685,32.82556048019848,274.8972466903968,payload_injection
36.749388419933894,1605,54345203,804,86,464.62115752783416,64,45,344.67650605439235,10,142,49,3,84.49054145221098,45.50591822710511,227.55285423133915,payload_injection
19.929286265418856,6936,78648201,1704,395,368.8335550031995,52,31,460.87291468015997,5,243,23,8,57.334041402539235,49.17344415063096,365.47529379673665,payload_injection
30.42518180779666,1876,40298639,1931,402,367.28473017974466,54,57,428.1437126963258,10,215,11,1,84.04326616101383,26.781082389628565,165.01009835506636,payload_injection
41.88232489631383,1214,38634041,2433,1224,171.0016163355951,31,70,204.03342009816586,18,150,31,7,51.590298156255145,36.396373629123545,100.09868819199856,payload_injection
41.74243117303972,7806,46045226,315,1239,267.8793834430013,54,31,220.0259927150921,14,215,15,0,78.68705786216239,44.58092930164074,119.96090035833066,payload_injection
35.41032823455399,5209,29525021,1106,809,476.7680730254348,98,59,253.29096943393822,10,126,69,1,53.473739907037526,43.675449556765784,252.92859927468885,payload_injection
5.231560973771758,883,56404268,187,1958,355.0158339340568,89,51,397.72275024042693,15,152,45,6,54.435891188224815,47.40349374662706,267.1941245524688,payload_injection
38.62171711173442,4383,58559056,631,850,226.31770039768583,120,53,413.96846757693504,16,52,11,9,63.022576936563595,38.521153382499264,179.95407662205963,payload_injection
21.94637003246895,4142,57174503,2799,350,525.8426388794505,116,27,261.6758003451797,11,251,62,1,50.497232271109254,57.474263844658196,346.88726442746884,payload_injection
16.324571583435326,1263,58471330,1327,331,568.119443535997,42,44,304.68981476729016,14,79,35,7,57.14708461282313,38.79473437621961,457.9038720976159,payload_injection
25.934355962876154,4404,56451411,229,914,526.4995905766203,56,70,275.30235783250293,14,96,15,4,85.19998026745525,52.35407980366392,289.3525878423267,payload_injection
39.333919984156154,1319,68715394,2354,953,90.28186648311325,41,73,453.8692694032511,11,94,48,2,51.64705481594944,26.748003449151255,324.14476638791757,payload_injection
22.811853083268538,2684,35928961,418,1624,338.02933311070126,58,37,303.6051364877834,15,253,35,8,82.95658927819764,42.903979794838556,279.45410481176555,payload_injection
35.434219836423765,588,22264080,1570,1840,232.5793880359057,98,43,423.6071830065425,17,265,27,6,72.37647639746069,21.658497536442866,375.28576394203446,payload_injection
11.91826409037709,4724,58283507,2992,595,112.87402376141557,31,20,378.6860361819794,12,178,53,10,85.42545536546479,39.26835171637491,477.44259914135006,payload_injection
11.975243118813705,3701,97507237,1240,530,247.0692849585379,105,58,204.8010330689603,6,198,38,7,71.34522082735674,30.474009714115148,270.9364207086293,payload_injection
17.188988175609335,7433,86961803,2701,890,463.2603848636812,67,34,336.68320887950546,13,120,37,7,52.049173532777814,49.10965781664147,132.94175726840555,payload_injection
35.09767307381995,7407,87536496,1539,1849,296.13164852061675,83,74,340.2061487690514,17,243,39,6,72.1381076945711,52.365407914319334,485.87027425214205,payload_injection
7.685742487830813,5899,39903891,2942,228,350.12295181929204,96,67,382.6786299897433,6,290,17,2,68.11245872836648,56.98011240237294,166.7748647238751,payload_injection
38.72493180930511,590,69443678,1361,735,101.32504375802155,88,61,452.3772936410336,17,55,47,3,64.53363699075503,50.1159506685443,271.3618696727341,payload_injection
18.49843707663574,799,30637363,2991,557,310.98765536281996,84,57,352.7588156885962,11,56,60,7,75.78448457718838,46.63487619489143,108.90126769966888,payload_injection
21.18206068009233,6241,16188711,2344,1960,150.53244572266132,53,46,323.0937843498272,20,283,45,1,74.57233459238549,50.84389433619402,280.8487847688354,payload_injection
30.881709011514992,4029,44220628,993,1078,475.1623032341525,116,58,442.5014491970501,6,149,70,3,72.9056451960534,28.17401328822372,371.89492527606035,payload_injection
11.766398458592766,4719,93143350,2630,1828,520.8649717415259,91,45,207.22111852889728,15,254,51,0,83.75370015822222,45.47202506741384,328.400680834205,payload_injection
10.55995667828197,1466,93260093,1965,170,216.42810863937493,101,47,429.4982717189762,7,189,61,10,78.93153978669105,21.189581873159096,256.30166293958644,payload_injection
12.472760927360028,1001,9408752,1747,1612,164.68683347476886,116,77,463.8979539606646,20,99,32,8,83.57221621743133,23.203684590132205,498.07852377489314,payload_injection
37.65604362979763,1808,65888904,591,1200,160.03759695375982,119,40,489.73265115224405,11,247,39,7,53.61748083160553,49.50150934291486,468.821990508067,payload_injection
26.355738467838954,7236,41383822,2601,587,169.24014874336916,105,38,247.32052169041415,11,233,78,10,88.14722617413655,29.376700214289468,453.710633775884,payload_injection
31.982872417891834,2444,43917043,1338,1457,594.5748911251239,106,64,205.78330556963695,14,141,63,7,51.0713621955764,35.215254306439874,171.8528898462933,payload_injection
29.677209061377816,7213,72340772,1898,438,81.03571468062323,63,58,359.15058216990394,13,109,75,4,76.34755813668659,29.814306143439726,121.72139792852023,payload_injection
10.867923433426018,7639,93161915,2878,1733,464.99805569037227,89,66,361.63315872470895,18,170,74,0,65.45458514512111,35.07620661075358,356.35724148475913,payload_injection
31.532947189150452,6052,15337101,1507,1858,415.50391640071604,104,75,426.68157240440723,6,76,58,10,84.03656311410597,55.299373797297115,332.3675034076216,payload_injection
33.90852351730161,1662,87834963,2193,240,250.85513741348535,55,80,334.63049033592046,6,79,70,0,87.47663009139211,59.093061434053155,264.90651557091104,payload_injection
16.93375231103041,4155,6482263,933,113,346.85229038546987,99,22,355.2744157030177,7,166,30,6,56.00890562793378,26.62417608518549,478.34767226761306,payload_injection
27.010711483315596,5835,39776089,1325,1775,353.8202134493699,33,62,455.1976904703093,19,87,76,8,76.39084326608587,58.637632828616816,480.5637883095351,payload_injection
12.3540287141758,5798,62719837,2685,614,126.18500321459936,83,54,200.6546700514458,8,234,59,1,56.85962015384706,38.8899142760469,256.76524976620584,payload_injection
5.622239577016028,771,71236905,646,1771,88.70640192073598,109,27,336.8868434209047,10,286,63,3,76.90071341435758,55.294526298213775,212.24441310561747,payload_injection
13.733681239504683,7078,79891041,1662,1340,418.4995834202902,112,36,300.20236447077946,20,280,10,1,57.14570820657969,49.43138800453504,218.09403839858308,payload_injection
31.47695777727556,5888,19190008,1321,382,421.9673110245969,77,33,322.3465560302229,5,199,21,2,88.27297664369013,38.34117393619771,199.45760669992842,payload_injection
12.305584416186717,7950,35786829,2434,974,290.635906963925,120,23,274.9776764438559,17,216,67,0,55.27436671206081,50.168574539912925,196.9132196171064,payload_injection
17.729803065346957,7417,92620744,1362,136,263.0038996378116,58,64,429.22948470320017,13,178,20,8,82.60610116708739,51.590913941626766,411.55378503093243,payload_injection
16.135254108807345,633,32674513,1738,1743,444.87691984644664,95,54,244.06105902535415,16,273,67,7,59.95078728132569,34.77754720343507,475.628065205515,payload_injection
21.002629819844326,1747,26569478,620,522,302.5015152989997,78,45,442.0391540160612,18,122,19,2,64.91332846327926,32.41647767035592,426.63864041746217,payload_injection
43.711624715140765,7506,89516466,813,326,469.21725173487374,62,31,381.44965959586546,17,97,31,6,72.54702169295626,25.15243470998991,253.5326612500932,payload_injection
20.926205537519287,4216,76446187,2489,885,171.99877096976917,74,44,383.0818473963441,9,200,80,3,58.61344972867258,50.05982564474523,393.92154061037076,payload_injection
39.6064525760822,3775,74672089,2208,1000,449.2600928070005,87,59,256.18731760718435,18,53,48,1,59.88236226284711,41.00767468591528,119.54229331987293,payload_injection
